,Date,Open,Low,High,Close,Volume
4068,2016-01-04,200.49,198.59,201.03,201.02,222353500.0
4069,2016-01-05,201.4,200.05,201.9,201.36,110845800.0
4070,2016-01-06,198.34,197.6,200.06,198.82,152112600.0
4071,2016-01-07,195.33,193.59,197.44,194.05,213436100.0
4072,2016-01-08,195.19,191.58,195.85,191.92,209817200.0
4073,2016-01-11,193.01,189.82,193.41,192.11,187941300.0
4074,2016-01-12,193.82,191.14,194.55,193.66,172330500.0
4075,2016-01-13,194.45,188.38,194.86,188.83,221168900.0
4076,2016-01-14,189.55,187.66,193.26,191.93,240795600.0
4077,2016-01-15,186.77,185.52,188.76,187.81,314240200.0
4078,2016-01-19,189.96,186.2,190.11,188.06,195244400.0
4079,2016-01-20,185.03,181.02,187.5,185.65,286547800.0
4080,2016-01-21,186.21,184.64,188.87,186.69,195772900.0
4081,2016-01-22,189.78,188.88,190.76,190.52,168319600.0
4082,2016-01-25,189.92,187.41,190.15,187.64,130371700.0
4083,2016-01-26,188.42,188.02,190.53,190.2,141036800.0
4084,2016-01-27,189.58,187.06,191.56,188.13,185681700.0
4085,2016-01-28,189.96,187.16,190.2,189.11,143798800.0
4086,2016-01-29,190.02,189.88,193.88,193.72,210529300.0
4087,2016-02-01,192.53,191.84,194.58,193.65,136061600.0
4088,2016-02-02,191.96,189.54,191.97,190.16,182564900.0
4089,2016-02-03,191.41,187.1,191.78,191.3,205054900.0
4090,2016-02-04,190.71,189.96,192.75,191.6,139531800.0
4091,2016-02-05,190.99,187.2,191.67,187.95,180788300.0
4092,2016-02-08,185.77,182.8,186.12,185.42,191526700.0
4093,2016-02-09,183.36,183.2,186.94,185.43,184513100.0
4094,2016-02-10,186.41,185.12,188.34,185.27,148214100.0
4095,2016-02-11,182.34,181.09,184.1,182.86,219058900.0
4096,2016-02-12,184.96,183.96,186.65,186.63,127632400.0
4097,2016-02-16,188.77,187.63,189.81,189.78,120250700.0
4098,2016-02-17,191.16,191.01,193.32,192.88,136009500.0
4099,2016-02-18,193.2,191.72,193.27,192.09,102343000.0
4100,2016-02-19,191.17,190.45,192.18,192.0,114793000.0
4101,2016-02-22,193.87,193.79,194.95,194.78,103640300.0
4102,2016-02-23,194.0,192.18,194.32,192.32,111455300.0
4103,2016-02-24,190.63,189.32,193.53,193.2,150812200.0
4104,2016-02-25,193.73,192.83,195.55,195.54,110728300.0
4105,2016-02-26,196.57,194.9,196.68,195.09,129833700.0
4106,2016-02-29,195.11,193.33,196.23,193.56,125918100.0
4107,2016-03-01,195.01,194.45,198.21,198.11,141799700.0
4108,2016-03-02,197.74,197.25,199.06,199.0,102415000.0
4109,2016-03-03,198.79,198.11,199.8,199.78,95172200.0
4110,2016-03-04,200.01,199.03,201.35,200.43,129293600.0
4111,2016-03-07,199.34,199.25,201.07,200.59,100219000.0
4112,2016-03-08,199.32,198.21,199.92,198.4,123974900.0
4113,2016-03-09,199.36,198.43,199.79,199.38,94801200.0
4114,2016-03-10,199.96,197.38,201.07,199.54,156838700.0
4115,2016-03-11,201.26,199.52,202.81,202.76,137964500.0
4116,2016-03-14,202.16,201.77,203.04,202.5,73612000.0
4117,2016-03-15,201.36,201.05,202.53,202.17,93169100.0
4118,2016-03-16,201.6,201.55,203.82,203.34,129303200.0
4119,2016-03-17,203.24,202.77,205.23,204.63,134278500.0
4120,2016-03-18,204.17,203.8,204.78,204.38,138372400.0
4121,2016-03-21,204.07,203.8,204.94,204.67,72926700.0
4122,2016-03-22,203.76,203.57,205.23,204.56,97471900.0
4123,2016-03-23,204.11,203.01,204.33,203.21,81052500.0
4124,2016-03-24,202.0,201.74,203.16,203.12,84360900.0
4125,2016-03-28,203.61,202.71,203.86,203.24,62408200.0
4126,2016-03-29,202.76,202.4,205.25,205.12,92922900.0
4127,2016-03-30,206.3,205.59,206.87,206.02,86365300.0
4128,2016-03-31,205.91,205.33,206.41,205.52,94584100.0
4129,2016-04-01,204.35,203.98,207.14,206.92,114423500.0
4130,2016-04-04,206.83,205.89,207.07,206.25,63497000.0
4131,2016-04-05,204.67,203.89,206.26,204.19,99662200.0
4132,2016-04-06,204.19,203.98,206.49,206.42,91839800.0
4133,2016-04-07,205.14,203.09,205.56,203.95,113859000.0
4134,2016-04-08,205.34,203.87,205.85,204.5,95040600.0
4135,2016-04-11,205.25,203.91,206.07,204.02,83757500.0
4136,2016-04-12,204.22,203.7,206.25,205.92,115350600.0
4137,2016-04-13,207.0,206.84,208.1,208.0,96336400.0
4138,2016-04-14,208.07,207.6,208.6,208.01,65212900.0
4139,2016-04-15,208.01,207.4,208.17,207.78,75761600.0
4140,2016-04-18,207.78,207.0,209.28,209.24,75277700.0
4141,2016-04-19,209.74,208.94,210.2,209.9,88316100.0
4142,2016-04-20,209.95,209.39,210.92,210.1,81100300.0
4143,2016-04-21,210.12,208.65,210.25,208.97,85695000.0
4144,2016-04-22,208.55,207.91,209.29,208.97,99251700.0
4145,2016-04-25,208.26,207.54,208.66,208.61,66166500.0
4146,2016-04-26,209.04,208.36,209.52,208.92,75864200.0
4147,2016-04-27,208.47,208.05,209.81,209.35,77329400.0
4148,2016-04-28,208.46,206.96,209.76,207.45,97216200.0
4149,2016-04-29,206.72,205.03,207.13,206.33,142424100.0
4150,2016-05-02,206.92,206.41,208.18,207.97,62188000.0
4151,2016-05-03,206.52,205.28,206.8,206.16,101267500.0
4152,2016-05-04,204.99,204.42,205.85,205.01,92243800.0
4153,2016-05-05,205.56,204.47,205.98,204.97,67619200.0
4154,2016-05-06,204.06,203.88,205.77,205.72,83784900.0
4155,2016-05-09,205.57,205.36,206.4,205.89,74374900.0
4156,2016-05-10,206.72,206.64,208.47,208.45,77472200.0
4157,2016-05-11,207.91,206.5,208.54,206.5,81727000.0
4158,2016-05-12,207.29,205.37,207.49,206.56,89586300.0
4159,2016-05-13,206.21,204.38,206.86,204.76,96474600.0
4160,2016-05-16,204.96,204.89,207.34,206.78,77486800.0
4161,2016-05-17,206.46,204.23,206.8,204.85,114924900.0
4162,2016-05-18,204.44,203.63,206.3,204.91,120062100.0
4163,2016-05-19,204.06,202.78,204.54,204.2,115430500.0
4164,2016-05-20,204.92,204.86,206.1,205.49,104990400.0
4165,2016-05-23,205.51,204.99,205.84,205.21,58682600.0
4166,2016-05-24,206.17,206.14,208.24,207.87,93537800.0
4167,2016-05-25,208.67,207.87,209.77,209.28,76621400.0
4168,2016-05-26,209.44,208.97,209.71,209.34,55280700.0
4169,2016-05-27,209.53,209.47,210.25,210.24,59329000.0
4170,2016-05-31,210.56,209.18,210.69,209.84,109879400.0
4171,2016-06-01,209.12,208.89,210.48,210.27,69936200.0
4172,2016-06-02,209.8,209.24,210.93,210.91,63044700.0
4173,2016-06-03,210.25,208.86,210.69,210.28,101757100.0
4174,2016-06-06,210.7,210.51,211.77,211.35,64887000.0
4175,2016-06-07,211.53,211.5,212.34,211.68,60974800.0
4176,2016-06-08,211.84,211.69,212.52,212.37,66170900.0
4177,2016-06-09,211.51,211.19,212.22,212.08,73786900.0
4178,2016-06-10,210.46,209.43,210.86,210.07,113829200.0
4179,2016-06-13,209.36,208.35,210.37,208.45,117751200.0
4180,2016-06-14,208.0,206.92,208.74,208.04,125059300.0
4181,2016-06-15,208.04,207.53,209.36,207.75,109124500.0
4182,2016-06-16,207.75,205.59,208.57,208.37,149533100.0
4183,2016-06-17,207.17,205.75,207.2,206.52,117055700.0
4184,2016-06-20,208.82,207.75,209.61,207.85,82789600.0
4185,2016-06-21,208.3,207.78,208.92,208.44,72461700.0
4186,2016-06-22,208.65,207.93,209.5,208.1,95560500.0
4187,2016-06-23,209.81,209.27,210.87,210.81,102731400.0
4188,2016-06-24,203.63,202.72,210.85,203.24,333444400.0
4189,2016-06-27,201.59,198.65,201.6,199.6,230775800.0
4190,2016-06-28,201.48,201.12,203.23,203.2,159382400.0
4191,2016-06-29,204.84,204.72,206.93,206.66,137328600.0
4192,2016-06-30,207.21,206.56,209.54,209.48,165021900.0
4193,2016-07-01,209.48,209.29,210.49,209.92,106055300.0
4194,2016-07-05,208.95,207.71,209.08,208.41,109803700.0
4195,2016-07-06,207.83,207.06,209.8,209.66,96021500.0
4196,2016-07-07,209.87,208.63,210.65,209.53,85593800.0
4197,2016-07-08,211.05,210.78,212.94,212.65,133971000.0
4198,2016-07-11,213.19,212.95,214.07,213.4,73633900.0
4199,2016-07-12,214.53,213.43,215.3,214.95,101275600.0
4200,2016-07-13,215.44,214.35,215.45,214.92,87324100.0
4201,2016-07-14,216.4,215.66,216.67,216.12,91230900.0
4202,2016-07-15,216.78,215.31,217.01,215.83,107155400.0
4203,2016-07-18,215.97,215.67,216.6,216.41,58725900.0
4204,2016-07-19,215.92,215.63,216.23,216.19,54345700.0
4205,2016-07-20,216.19,216.19,217.37,217.09,58159500.0
4206,2016-07-21,216.96,215.75,217.22,216.27,67777300.0
4207,2016-07-22,216.41,216.1,217.3,217.24,62787500.0
4208,2016-07-25,217.0,215.97,217.06,216.65,55873100.0
4209,2016-07-26,216.53,215.76,217.17,216.75,70080500.0
4210,2016-07-27,217.19,215.62,217.27,216.52,84083900.0
4211,2016-07-28,216.29,215.75,217.11,216.77,65035700.0
4212,2016-07-29,216.46,216.13,217.54,217.12,79519400.0
4213,2016-08-01,217.19,216.41,217.65,216.94,73311400.0
4214,2016-08-02,216.65,214.57,216.83,215.55,92295500.0
4215,2016-08-03,215.48,215.13,216.25,216.18,53993600.0
4216,2016-08-04,216.31,214.25,216.78,216.41,46585500.0
4217,2016-08-05,216.41,216.41,218.23,218.18,71892200.0
4218,2016-08-08,218.4,217.74,218.52,218.05,39906500.0
4219,2016-08-09,218.13,217.8,218.76,218.18,51251700.0
4220,2016-08-10,218.31,217.23,218.4,217.64,57941100.0
4221,2016-08-11,218.26,217.95,218.94,218.65,72504300.0
4222,2016-08-12,218.29,217.99,218.71,218.46,61313500.0
4223,2016-08-15,218.89,218.88,219.5,219.09,49813500.0
4224,2016-08-16,218.6,217.96,218.68,217.96,53213600.0
4225,2016-08-17,218.0,217.02,218.53,218.37,75134300.0
4226,2016-08-18,218.34,218.21,218.9,218.86,52989300.0
4227,2016-08-19,218.31,217.74,218.75,218.54,75443000.0
4228,2016-08-22,218.26,217.83,218.8,218.53,61368800.0
4229,2016-08-23,219.25,218.9,219.6,218.97,53399200.0
4230,2016-08-24,218.8,217.36,218.91,217.85,71728900.0
4231,2016-08-25,217.4,217.22,218.19,217.7,69224800.0
4232,2016-08-26,217.92,216.25,219.12,217.29,122506300.0
4233,2016-08-29,217.44,217.4,218.67,218.36,70502200.0
4234,2016-08-30,218.26,217.35,218.59,218.0,58114500.0
4235,2016-08-31,217.61,216.47,217.75,217.38,85269500.0
4236,2016-09-01,217.37,216.03,217.73,217.39,97844200.0
4237,2016-09-02,218.39,217.7,218.87,218.37,79293900.0
4238,2016-09-06,218.7,217.86,219.12,219.03,56702100.0
4239,2016-09-07,218.84,218.3,219.22,219.01,76554900.0
4240,2016-09-08,218.62,218.15,218.94,218.51,74102900.0
4241,2016-09-09,216.97,213.25,217.03,213.28,221589100.0
4242,2016-09-12,212.39,212.31,216.81,216.34,168110900.0
4243,2016-09-13,214.84,212.5,215.15,213.23,182828800.0
4244,2016-09-14,213.29,212.5,214.7,213.15,134185500.0
4245,2016-09-15,212.96,212.75,215.73,215.28,134427900.0
4246,2016-09-16,213.48,212.57,213.69,213.37,155236400.0
4247,2016-09-19,214.13,213.03,214.88,213.41,80250500.0
4248,2016-09-20,214.41,213.38,214.59,213.42,69665300.0
4249,2016-09-21,214.24,213.44,216.03,215.82,110284400.0
4250,2016-09-22,217.0,216.71,217.53,217.18,76678700.0
4251,2016-09-23,216.72,215.88,216.88,215.99,73630900.0
4252,2016-09-26,215.02,214.01,215.23,214.24,89827300.0
4253,2016-09-27,214.05,213.62,215.68,215.57,78494800.0
4254,2016-09-28,215.83,214.71,216.82,216.64,87411000.0
4255,2016-09-29,216.4,214.04,216.87,214.68,128070600.0
4256,2016-09-30,215.65,215.36,217.12,216.3,117202900.0
4257,2016-10-03,215.82,215.04,216.04,215.78,83512100.0
4258,2016-10-04,215.91,213.99,216.17,214.68,119948100.0
4259,2016-10-05,215.41,215.33,216.13,215.63,72816000.0
4260,2016-10-06,215.37,214.74,216.04,215.78,62927400.0
4261,2016-10-07,216.1,214.19,216.3,215.04,89788300.0
4262,2016-10-10,216.16,215.99,216.7,216.16,51855000.0
4263,2016-10-11,215.66,212.58,215.74,213.43,130367400.0
4264,2016-10-12,213.59,213.01,214.32,213.71,73866100.0
4265,2016-10-13,212.16,211.21,213.59,213.01,101357000.0
4266,2016-10-14,214.15,213.03,214.69,213.12,93346200.0
4267,2016-10-17,213.09,212.17,213.39,212.38,58275700.0
4268,2016-10-18,214.24,213.27,214.31,213.71,76869700.0
4269,2016-10-19,214.02,213.6,214.64,214.28,66519200.0
4270,2016-10-20,213.87,213.11,214.53,213.88,73639800.0
4271,2016-10-21,213.88,212.76,214.08,213.98,89089100.0
4272,2016-10-24,215.0,214.48,215.32,214.89,60146600.0
4273,2016-10-25,214.68,213.98,214.98,214.17,66542300.0
4274,2016-10-26,213.21,212.93,214.42,213.74,75705500.0
4275,2016-10-27,214.58,213.08,214.62,213.17,77220200.0
4276,2016-10-28,213.14,211.71,213.93,212.54,140623200.0
4277,2016-10-31,212.93,212.36,213.19,212.55,61272500.0
4278,2016-11-01,212.93,209.6,212.99,211.01,122781800.0
4279,2016-11-02,210.65,209.23,211.1,209.74,103330800.0
4280,2016-11-03,209.99,208.46,210.24,208.78,88939300.0
4281,2016-11-04,208.91,208.38,209.89,208.55,109122100.0
4282,2016-11-07,208.55,208.55,213.19,213.15,109794900.0
4283,2016-11-08,212.69,212.38,214.77,214.11,102268300.0
4284,2016-11-09,212.37,212.34,217.1,216.38,258429000.0
4285,2016-11-10,217.3,215.22,218.31,216.92,172113300.0
4286,2016-11-11,216.08,215.32,216.7,216.42,93847200.0
4287,2016-11-14,217.03,215.72,217.27,216.59,94580000.0
4288,2016-11-15,217.04,216.8,218.28,218.28,91652600.0
4289,2016-11-16,217.56,217.42,218.14,217.87,65617700.0
4290,2016-11-17,218.05,217.92,219.06,218.99,69797200.0
4291,2016-11-18,219.07,218.29,219.27,218.5,86265800.0
4292,2016-11-21,219.17,219.0,220.18,220.15,72402600.0
4293,2016-11-22,220.51,219.73,220.79,220.58,67429000.0
4294,2016-11-23,219.98,219.75,220.76,220.7,56620200.0
4295,2016-11-25,221.1,221.01,221.56,221.52,37872300.0
4296,2016-11-28,221.16,220.36,221.48,220.48,76572500.0
4297,2016-11-29,220.52,220.17,221.44,220.91,69886700.0
4298,2016-11-30,221.63,220.31,221.82,220.38,113291800.0
4299,2016-12-01,220.73,219.15,220.73,219.57,79040500.0
4300,2016-12-02,219.67,219.26,220.25,219.68,74840300.0
4301,2016-12-05,220.65,220.42,221.4,221.0,67837800.0
4302,2016-12-06,221.22,220.66,221.74,221.7,59877400.0
4303,2016-12-07,221.52,221.38,224.67,224.6,110738100.0
4304,2016-12-08,224.57,224.26,225.7,225.15,99714400.0
4305,2016-12-09,225.41,225.37,226.53,226.51,88005800.0
4306,2016-12-12,226.4,225.76,226.96,226.25,102016100.0
4307,2016-12-13,227.02,227.0,228.34,227.76,110477500.0
4308,2016-12-14,227.41,225.37,228.23,225.88,142501800.0
4309,2016-12-15,226.16,225.89,227.81,226.81,124972600.0
4310,2016-12-16,226.01,224.67,226.08,225.04,156420200.0
4311,2016-12-19,225.25,225.08,226.02,225.53,90341100.0
4312,2016-12-20,226.15,225.88,226.57,226.4,89838800.0
4313,2016-12-21,226.25,225.77,226.45,225.77,67909000.0
4314,2016-12-22,225.6,224.92,225.74,225.38,56219100.0
4315,2016-12-23,225.43,225.21,225.72,225.71,36251400.0
4316,2016-12-27,226.02,226.0,226.73,226.27,42672500.0
4317,2016-12-28,226.57,224.27,226.59,224.4,64095000.0
4318,2016-12-29,224.48,223.84,224.89,224.35,48696100.0
4319,2016-12-30,224.73,222.73,224.83,223.53,108998300.0
4320,2017-01-03,225.04,223.88,225.83,225.24,91366500.0
4321,2017-01-04,225.62,225.61,226.75,226.58,78744400.0
4322,2017-01-05,226.27,225.48,226.58,226.4,78379000.0
4323,2017-01-06,226.53,225.9,227.75,227.21,71559900.0
4324,2017-01-09,226.91,226.42,227.07,226.46,46939700.0
4325,2017-01-10,226.48,226.01,227.45,226.46,63771900.0
4326,2017-01-11,226.36,225.59,227.1,227.1,74650000.0
4327,2017-01-12,226.5,224.96,226.75,226.53,72113200.0
4328,2017-01-13,226.73,226.69,227.4,227.05,62717900.0
4329,2017-01-17,226.31,225.8,226.78,226.25,61240800.0
4330,2017-01-18,226.54,225.9,226.8,226.75,54793300.0
4331,2017-01-19,226.84,225.41,227.0,225.91,66608800.0
4332,2017-01-20,226.7,225.97,227.31,226.74,129168600.0
4333,2017-01-23,226.74,225.27,226.81,226.15,75061600.0
4334,2017-01-24,226.4,226.27,228.08,227.6,95555300.0
4335,2017-01-25,228.7,228.51,229.57,229.57,84437700.0
4336,2017-01-26,229.4,229.01,229.71,229.33,59970700.0
4337,2017-01-27,229.42,228.76,229.59,228.97,59711100.0
4338,2017-01-30,228.17,226.41,228.2,227.55,79737300.0
4339,2017-01-31,226.98,226.32,227.6,227.53,75880800.0
4340,2017-02-01,227.53,226.94,228.59,227.62,79117700.0
4341,2017-02-02,227.62,226.82,228.1,227.77,69657600.0
4342,2017-02-03,228.82,228.46,229.55,229.34,80563200.0
4343,2017-02-06,228.87,228.54,229.33,228.93,57790100.0
4344,2017-02-07,229.38,228.72,229.66,228.94,57931200.0
4345,2017-02-08,228.94,228.31,229.39,229.24,51566200.0
4346,2017-02-09,229.24,229.24,230.95,230.6,65955200.0
4347,2017-02-10,231.0,230.62,231.77,231.51,66015900.0
4348,2017-02-13,232.08,232.05,233.07,232.77,55182100.0
4349,2017-02-14,232.56,232.16,233.71,233.7,71109000.0
4350,2017-02-15,233.45,233.39,235.14,234.92,86785800.0
4351,2017-02-16,234.95,233.85,235.16,234.72,84722400.0
4352,2017-02-17,233.95,233.93,235.09,235.09,77204100.0
4353,2017-02-21,235.52,235.51,236.69,236.49,88946100.0
4354,2017-02-22,236.02,235.83,236.54,236.28,62115200.0
4355,2017-02-23,236.88,235.56,236.9,236.44,74615900.0
4356,2017-02-24,235.46,235.41,236.79,236.74,82381600.0
4357,2017-02-27,236.64,236.35,237.31,237.11,56515400.0
4358,2017-02-28,236.67,236.02,236.95,236.47,96961900.0
4359,2017-03-01,238.39,238.37,240.32,239.78,149158200.0
4360,2017-03-02,239.56,238.21,239.57,238.27,70246000.0
4361,2017-03-03,238.17,237.73,238.61,238.42,81974300.0
4362,2017-03-06,237.5,237.01,238.12,237.71,55391500.0
4363,2017-03-07,237.36,236.76,237.77,237.0,65103700.0
4364,2017-03-08,237.34,236.4,237.64,236.56,78168800.0
4365,2017-03-09,236.7,235.74,237.24,236.86,90683900.0
4366,2017-03-10,237.97,236.59,238.02,237.69,81991700.0
4367,2017-03-13,237.62,237.24,237.86,237.81,57256800.0
4368,2017-03-14,237.18,236.19,237.24,236.9,59880800.0
4369,2017-03-15,237.56,237.29,239.44,238.95,96081800.0
4370,2017-03-16,239.11,238.1,239.2,238.48,78344000.0
4371,2017-03-17,237.75,237.03,237.97,237.03,89002100.0
4372,2017-03-20,237.03,236.32,237.36,236.77,52537000.0
4373,2017-03-21,237.47,233.58,237.61,233.73,131809300.0
4374,2017-03-22,233.77,233.05,234.61,234.28,97569200.0
4375,2017-03-23,234.28,233.6,235.34,234.03,100410300.0
4376,2017-03-24,234.38,232.96,235.04,233.86,112504900.0
4377,2017-03-27,231.93,231.61,233.92,233.62,87454500.0
4378,2017-03-28,233.27,233.14,235.81,235.32,93483900.0
4379,2017-03-29,234.99,234.73,235.81,235.54,61950400.0
4380,2017-03-30,235.47,235.27,236.52,236.29,56737900.0
4381,2017-03-31,235.9,235.68,236.51,235.74,73733100.0
4382,2017-04-03,235.8,233.91,236.03,235.33,85546500.0
4383,2017-04-04,235.0,234.56,235.58,235.48,56466200.0
4384,2017-04-05,236.26,234.54,237.39,234.78,108800600.0
4385,2017-04-06,234.94,234.43,236.04,235.44,69135800.0
4386,2017-04-07,235.15,234.64,236.0,235.2,74412300.0
4387,2017-04-10,235.36,234.73,236.26,235.34,67615300.0
4388,2017-04-11,234.9,233.34,235.18,235.06,88045300.0
4389,2017-04-12,234.74,233.77,234.96,234.03,81864400.0
4390,2017-04-13,233.64,232.51,234.49,232.51,92880400.0
4391,2017-04-17,233.11,232.88,234.57,234.57,68405400.0
4392,2017-04-18,233.72,233.08,234.49,233.87,83225800.0
4393,2017-04-19,234.52,233.18,234.95,233.44,68699900.0
4394,2017-04-20,234.15,233.78,235.85,235.34,92572200.0
4395,2017-04-21,235.25,234.13,235.31,234.59,110389800.0
4396,2017-04-24,237.18,234.56,237.41,237.17,119209900.0
4397,2017-04-25,237.91,237.81,238.95,238.55,76698300.0
4398,2017-04-26,238.51,238.35,239.53,238.4,84702500.0
4399,2017-04-27,238.77,237.98,238.95,238.6,57410300.0
4400,2017-04-28,238.9,237.93,238.93,238.08,63532800.0
4401,2017-05-01,238.68,238.2,239.17,238.68,66882500.0
4402,2017-05-02,238.84,238.3,238.98,238.77,57375700.0
4403,2017-05-03,238.77,237.7,238.88,238.48,73137700.0
4404,2017-05-04,238.83,237.78,238.92,238.76,61462700.0
4405,2017-05-05,239.19,238.68,239.72,239.7,62001300.0
4406,2017-05-08,239.75,239.17,239.92,239.66,48385700.0
4407,2017-05-09,239.96,239.04,240.19,239.44,51363200.0
4408,2017-05-10,239.39,239.15,239.87,239.87,54293800.0
4409,2017-05-11,239.35,238.13,239.57,239.38,62358300.0
4410,2017-05-12,239.09,238.67,239.43,238.98,53912700.0
4411,2017-05-15,239.47,239.45,240.44,240.3,61918900.0
4412,2017-05-16,240.64,239.63,240.67,240.08,51241800.0
4413,2017-05-17,240.08,235.75,240.08,235.82,172174100.0
4414,2017-05-18,235.73,235.43,237.75,236.77,107047700.0
4415,2017-05-19,237.33,237.27,239.08,238.31,115011400.0
4416,2017-05-22,238.9,238.82,239.71,239.52,61010600.0
4417,2017-05-23,239.95,239.51,240.24,240.05,48341700.0
4418,2017-05-24,240.32,239.93,240.73,240.61,46927700.0
4419,2017-05-25,241.2,240.96,242.08,241.76,64071700.0
4420,2017-05-26,241.54,241.45,241.9,241.71,43404500.0
4421,2017-05-30,241.34,241.16,241.79,241.5,35201900.0
4422,2017-05-31,241.84,240.64,241.88,241.44,91796000.0
4423,2017-06-01,241.97,241.64,243.38,243.36,68962000.0
4424,2017-06-02,243.42,243.08,244.35,244.17,88666100.0
4425,2017-06-05,243.97,243.76,244.3,243.99,44698800.0
4426,2017-06-06,243.34,243.12,243.98,243.21,50375400.0
4427,2017-06-07,243.6,242.83,243.92,243.66,54144300.0
4428,2017-06-08,243.77,243.17,244.33,243.78,65950700.0
4429,2017-06-09,244.09,241.95,245.01,243.41,132256400.0
4430,2017-06-12,243.13,242.38,243.42,243.36,86108100.0
4431,2017-06-13,243.98,243.58,244.61,244.55,60067000.0
4432,2017-06-14,244.86,243.29,244.87,244.24,78602300.0
4433,2017-06-15,242.68,242.36,243.91,243.77,66464900.0
4434,2017-06-16,242.77,241.63,242.83,242.64,84553100.0
4435,2017-06-19,243.59,243.48,244.73,244.66,65123800.0
4436,2017-06-20,244.25,242.99,244.26,243.01,56906400.0
4437,2017-06-21,243.46,242.41,243.59,242.95,55977600.0
4438,2017-06-22,242.96,242.64,243.53,242.84,44148100.0
4439,2017-06-23,242.91,242.47,243.51,243.13,66986800.0
4440,2017-06-26,243.9,243.05,244.38,243.29,56700500.0
4441,2017-06-27,243.04,241.31,243.38,241.33,82247700.0
4442,2017-06-28,242.5,242.23,243.72,243.49,70042600.0
4443,2017-06-29,243.66,239.96,243.72,241.35,106949700.0
4444,2017-06-30,242.28,241.58,242.71,241.8,69340100.0
4445,2017-07-03,242.88,242.21,243.38,242.21,39153800.0
4446,2017-07-05,242.63,241.7,243.01,242.77,54427600.0
4447,2017-07-06,241.89,240.34,242.03,240.55,65400800.0
4448,2017-07-07,241.21,240.56,242.28,242.11,56062000.0
4449,2017-07-10,241.95,241.76,242.8,242.37,36663274.0
4450,2017-07-11,242.16,240.85,242.55,242.19,50290920.0
4451,2017-07-12,243.3,243.3,244.2,244.01,59610405.0
4452,2017-07-13,244.02,243.76,244.55,244.42,39471637.0
4453,2017-07-14,244.43,244.31,245.97,245.56,60234284.0
4454,2017-07-17,245.47,245.33,245.91,245.53,33502556.0
4455,2017-07-18,245.06,244.67,245.72,245.66,42742498.0
4456,2017-07-19,246.02,246.01,247.0,246.99,51034260.0
4457,2017-07-20,247.28,246.47,247.42,247.1,47095050.0
4458,2017-07-21,246.44,246.18,246.91,246.88,88711019.0
4459,2017-07-24,246.79,246.28,246.98,246.82,46607836.0
4460,2017-07-25,247.68,247.16,247.8,247.42,54915591.0
4461,2017-07-26,247.75,247.13,247.79,247.43,47575422.0
4462,2017-07-27,247.96,245.68,248.0,247.2,70766568.0
4463,2017-07-28,246.65,246.13,247.06,246.91,50088359.0
4464,2017-07-31,247.37,246.53,247.48,246.77,65838659.0
4465,2017-08-01,247.46,246.716,247.5,247.32,55050401.0
4466,2017-08-02,247.47,246.37,247.6,247.44,47211216.0
4467,2017-08-03,247.31,246.64,247.34,246.96,40785699.0
4468,2017-08-04,247.52,246.97,247.79,247.41,60191838.0
4469,2017-08-07,247.49,247.37,247.87,247.87,31995021.0
4470,2017-08-08,247.51,246.83,248.91,247.26,61719353.0
4471,2017-08-09,246.47,246.06,247.31,247.25,62523195.0
4472,2017-08-10,246.29,243.7,246.44,243.76,120361520.0
4473,2017-08-11,244.02,243.75,244.8,244.12,74869947.0
4474,2017-08-14,245.59,245.55,246.79,246.54,73291919.0
4475,2017-08-15,246.98,246.16,247.0,246.51,55242746.0
4476,2017-08-16,247.11,246.45,247.57,246.94,56573941.0
4477,2017-08-17,246.24,243.09,246.6,243.09,128490396.0
4478,2017-08-18,242.9,242.2,244.19,242.71,136747986.0
4479,2017-08-21,242.64,241.83,243.2,242.9,65469736.0
4480,2017-08-22,243.57,243.55,245.62,245.44,63140101.0
4481,2017-08-23,244.33,244.16,245.05,244.56,50203837.0
4482,2017-08-24,245.0,243.75,245.18,243.99,50741671.0
4483,2017-08-25,244.9,244.39,245.61,244.56,64445912.0
4484,2017-08-28,245.17,244.09,245.2,244.57,40565606.0
4485,2017-08-29,243.06,242.93,245.15,244.85,51135715.0
4486,2017-08-30,244.83,244.62,246.32,246.01,62030805.0
4487,2017-08-31,246.72,246.05,247.77,247.49,103803880.0
4488,2017-09-01,247.92,247.67,248.33,247.84,62006989.0
4489,2017-09-05,247.26,244.95,247.52,246.06,91398777.0
4490,2017-09-06,246.84,246.23,247.28,246.9,57916867.0
4491,2017-09-07,247.25,246.4,247.27,246.87,58034730.0
4492,2017-09-08,246.54,246.3,247.11,246.58,63832825.0
4493,2017-09-11,248.04,248.02,249.3,249.21,71364848.0
4494,2017-09-12,249.63,249.42,250.09,250.05,56896027.0
4495,2017-09-13,249.72,249.59,250.21,250.17,59228002.0
4496,2017-09-14,249.8,249.6,250.32,250.09,95446349.0
4497,2017-09-15,248.69,248.57,249.29,249.19,95432382.0
4498,2017-09-18,249.61,249.28,250.12,249.72,46235238.0
4499,2017-09-19,250.0,249.6,250.07,249.97,47108148.0
4500,2017-09-20,250.07,248.92,250.19,250.06,59574083.0
4501,2017-09-21,249.88,249.19,249.98,249.39,48211398.0
4502,2017-09-22,249.05,249.02,249.63,249.44,51214032.0
4503,2017-09-25,249.15,248.08,249.55,248.93,57064357.0
4504,2017-09-26,249.42,248.81,249.7,249.08,54081959.0
4505,2017-09-27,249.88,248.87,250.49,250.05,81001426.0
4506,2017-09-28,249.73,249.63,250.44,250.35,44778841.0
4507,2017-09-29,250.34,250.13,251.32,251.23,85578002.0
4508,2017-10-02,251.49,251.29,252.32,252.32,59022985.0
4509,2017-10-03,252.32,252.23,252.89,252.86,66810169.0
4510,2017-10-04,252.69,252.56,253.44,253.16,55953619.0
4511,2017-10-05,253.54,253.2,254.68,254.66,63522757.0
4512,2017-10-06,254.15,253.85,254.7,254.37,80645998.0
4513,2017-10-09,254.63,253.65,254.7,253.95,35803138.0
4514,2017-10-10,254.6,253.98,255.05,254.62,43057363.0
4515,2017-10-11,254.51,254.32,255.02,255.02,47674325.0
4516,2017-10-12,254.66,254.37,255.06,254.64,47065144.0
4517,2017-10-13,255.14,254.64,255.27,254.95,54800435.0
4518,2017-10-16,255.21,254.82,255.51,255.29,38221675.0
4519,2017-10-17,255.23,254.98,255.52,255.47,31560964.0
4520,2017-10-18,255.9,255.5,255.95,255.72,40888330.0
4521,2017-10-19,254.83,254.35,255.83,255.79,61903788.0
4522,2017-10-20,256.7,255.77,257.14,257.11,89176377.0
4523,2017-10-23,257.48,256.02,257.51,256.11,63915306.0
4524,2017-10-24,256.6,256.15,256.83,256.56,66935910.0
4525,2017-10-25,256.18,254.0,256.31,255.29,103715291.0
4526,2017-10-26,255.99,255.48,256.3,255.62,69797972.0
4527,2017-10-27,256.47,255.63,257.89,257.71,85562544.0
4528,2017-10-30,256.47,256.41,257.6,256.75,54285687.0
4529,2017-10-31,257.18,256.81,257.44,257.15,60304781.0
4530,2017-11-01,258.04,257.07,258.43,257.49,54202736.0
4531,2017-11-02,257.41,256.19,257.75,257.59,56449535.0
4532,2017-11-03,257.77,257.3,258.5,258.45,59589730.0
4533,2017-11-06,258.3,258.22,259.0,258.85,49652598.0
4534,2017-11-07,258.97,258.09,259.35,258.67,57502161.0
4535,2017-11-08,258.47,258.15,259.22,259.11,50469579.0
4536,2017-11-09,257.73,256.36,258.39,258.17,93981044.0
4537,2017-11-10,257.73,257.37,258.29,258.09,59984662.0
4538,2017-11-13,257.31,257.27,258.59,258.33,50228648.0
4539,2017-11-14,257.41,256.52,257.85,257.73,61315152.0
4540,2017-11-15,256.62,255.63,257.22,256.44,80811525.0
4541,2017-11-16,257.52,257.47,259.04,258.62,67777027.0
4542,2017-11-17,258.22,257.77,258.59,257.86,75756833.0
4543,2017-11-20,258.14,257.86,258.52,258.3,48075514.0
4544,2017-11-21,259.18,258.26,260.2,259.99,69176799.0
4545,2017-11-22,260.0,259.57,260.15,259.76,45033392.0
4546,2017-11-24,260.32,260.16,260.48,260.36,27856514.0
4547,2017-11-27,260.41,260.0,260.75,260.23,52274922.0
4548,2017-11-28,260.76,260.65,262.9,262.87,98971719.0
4549,2017-11-29,263.02,262.2,263.63,262.71,77512102.0
4550,2017-11-30,263.76,263.67,266.05,265.01,127894389.0
4551,2017-12-01,264.76,260.76,265.31,264.46,164390902.0
4552,2017-12-04,266.31,264.08,266.8,264.14,94040560.0
4553,2017-12-05,263.19,263.04,265.15,263.19,77994544.0
4554,2017-12-06,263.3,262.71,263.73,263.24,75898566.0
4555,2017-12-07,264.07,262.94,264.43,264.07,77218569.0
4556,2017-12-08,265.16,264.03,265.52,265.51,76563873.0
4557,2017-12-11,266.31,265.48,266.38,266.31,83077533.0
4558,2017-12-12,267.21,266.35,267.32,266.78,85195750.0
4559,2017-12-13,267.06,266.65,267.56,266.75,102905409.0
4560,2017-12-14,267.09,265.6,267.22,265.66,100666692.0
4561,2017-12-15,265.45,265.39,267.04,266.51,144610290.0
4562,2017-12-18,268.1,267.98,268.6,268.2,83653572.0
4563,2017-12-19,268.48,267.09,268.53,267.17,82382876.0
4564,2017-12-20,268.27,266.69,268.33,267.03,76751500.0
4565,2017-12-21,267.74,267.3,268.39,267.58,67032339.0
4566,2017-12-22,267.6,266.9,267.64,267.51,78720873.0
4567,2017-12-26,267.05,266.89,267.44,267.19,45244433.0
4568,2017-12-27,267.38,267.01,267.73,267.32,57750986.0
4569,2017-12-28,267.89,267.45,267.92,267.87,45116139.0
4570,2017-12-29,268.53,266.64,268.55,266.86,96007424.0
4571,2018-01-02,267.84,267.4,268.81,268.77,86655749.0
4572,2018-01-03,268.96,268.96,270.64,270.47,90070416.0
4573,2018-01-04,271.2,270.54,272.16,271.61,80636408.0
4574,2018-01-05,272.51,271.95,273.56,273.42,83523995.0
4575,2018-01-08,273.31,272.98,274.1,273.92,57319192.0
4576,2018-01-09,274.4,274.08,275.25,274.54,57253957.0
4577,2018-01-10,273.68,272.92,274.42,274.12,69574318.0
4578,2018-01-11,274.75,274.56,276.12,276.12,62361455.0
4579,2018-01-12,276.42,276.08,278.11,277.92,90816076.0
4580,2018-01-16,279.35,276.18,280.09,276.97,106555142.0
4581,2018-01-17,278.03,276.97,280.05,279.61,113258799.0
4582,2018-01-18,279.48,278.58,279.96,279.14,100728006.0
4583,2018-01-19,279.8,279.14,280.41,280.41,140920098.0
4584,2018-01-22,280.17,280.11,282.69,282.69,91322408.0
4585,2018-01-23,282.74,282.37,283.62,283.29,97084700.0
4586,2018-01-24,284.02,281.84,284.7,283.18,134816117.0
4587,2018-01-25,284.16,282.4,284.27,283.3,84587313.0
4588,2018-01-26,284.25,283.96,286.63,286.58,107743119.0
4589,2018-01-29,285.93,284.5,286.43,284.68,90118337.0
4590,2018-01-30,282.6,281.22,284.74,281.76,131796419.0
4591,2018-01-31,282.73,280.68,283.3,281.9,118948131.0
4592,2018-02-01,281.07,280.68,283.06,281.58,90102470.0
4593,2018-02-02,280.08,275.41,280.23,275.45,173174790.0
4594,2018-02-05,273.45,263.31,275.85,263.93,294681816.0
4595,2018-02-06,259.94,258.7,269.7,269.13,355026782.0
4596,2018-02-07,268.5,267.58,272.36,267.67,167376100.0
4597,2018-02-08,268.01,257.59,268.17,257.63,246449505.0
4598,2018-02-09,260.8,252.92,263.61,261.5,283565315.0
4599,2018-02-12,263.83,261.66,267.01,265.34,143735976.0
4600,2018-02-13,263.97,263.31,266.62,266.0,81223640.0
4601,2018-02-14,264.31,264.3,270.0,269.59,120735685.0
4602,2018-02-15,271.57,268.77,273.04,273.03,111200286.0
4603,2018-02-16,272.32,272.27,275.32,273.11,160420135.0
4604,2018-02-20,272.03,270.5,273.67,271.4,86369662.0
4605,2018-02-21,271.9,269.94,274.72,270.05,98883740.0
4606,2018-02-22,271.1,269.64,273.05,270.4,110511290.0
4607,2018-02-23,271.79,271.25,274.71,274.71,92766428.0
4608,2018-02-26,275.93,275.26,278.01,277.9,86491406.0
4609,2018-02-27,278.11,274.36,278.92,274.43,99099165.0
4610,2018-02-28,275.68,271.29,276.19,271.65,121907767.0
4611,2018-03-01,271.41,266.0,273.17,267.7,176855077.0
4612,2018-03-02,265.8,264.82,269.72,269.08,139083217.0
4613,2018-03-05,267.73,267.61,272.89,272.19,97307387.0
4614,2018-03-06,273.3,271.18,273.39,272.88,79213163.0
4615,2018-03-07,270.42,270.2,273.18,272.78,87063502.0
4616,2018-03-08,273.55,272.42,274.24,274.1,66901150.0
4617,2018-03-09,275.7,275.34,278.87,278.87,113625335.0
4618,2018-03-12,279.2,278.08,279.91,278.52,71924793.0
4619,2018-03-13,279.84,276.03,280.41,276.72,91968937.0
4620,2018-03-14,277.81,274.67,278.02,275.3,105895079.0
4621,2018-03-15,275.88,274.43,276.61,275.0,83433038.0
4622,2018-03-16,274.5,274.14,275.39,274.2,100343673.0
4623,2018-03-19,273.35,268.62,274.4,270.49,109208442.0
4624,2018-03-20,270.94,270.18,271.67,270.95,59757271.0
4625,2018-03-21,270.9,270.19,273.27,270.43,78709578.0
4626,2018-03-22,267.91,263.36,268.87,263.67,148785916.0
4627,2018-03-23,264.17,257.83,264.54,258.05,183534751.0
4628,2018-03-26,262.13,259.41,265.43,265.11,141956102.0
4629,2018-03-27,266.17,258.84,266.77,260.6,129941445.0
4630,2018-03-28,260.75,258.58,262.64,259.83,146452306.0
4631,2018-03-29,261.12,259.84,265.26,263.15,124244790.0
4632,2018-04-02,262.55,254.67,263.13,257.47,186286343.0
4633,2018-04-03,258.87,256.84,261.31,260.77,119956861.0
4634,2018-04-04,256.75,256.6,264.36,263.56,123715339.0
4635,2018-04-05,265.55,264.32,266.64,265.64,82652618.0
4636,2018-04-06,263.42,258.0,265.11,259.72,179521209.0
4637,2018-04-09,261.37,259.94,264.84,261.0,105442932.0
4638,2018-04-10,264.27,262.98,266.04,265.15,105573736.0
4639,2018-04-11,263.47,263.39,265.64,263.76,91140243.0
4640,2018-04-12,265.26,265.06,267.0,265.93,68890480.0
4641,2018-04-13,267.41,264.01,267.54,265.15,85079176.0
4642,2018-04-16,267.0,266.07,268.2,267.33,63405287.0
4643,2018-04-17,269.33,268.75,270.87,270.19,64682036.0
4644,2018-04-18,270.69,269.87,271.3,270.39,57303857.0
4645,2018-04-19,269.65,267.72,269.88,268.89,77655909.0
4646,2018-04-20,268.81,265.61,269.06,266.61,99953133.0
4647,2018-04-23,267.26,265.35,267.89,266.57,65557954.0
4648,2018-04-24,267.73,261.28,267.98,262.98,112885452.0
4649,2018-04-25,262.91,260.85,264.13,263.63,103756753.0
4650,2018-04-26,264.79,264.29,267.25,266.31,67731942.0
4651,2018-04-27,267.0,265.5,267.34,266.56,57053647.0
4652,2018-04-30,267.26,264.43,267.89,264.51,82182324.0
4653,2018-05-01,263.87,262.11,265.1,264.98,74203365.0
4654,2018-05-02,264.76,262.76,265.68,263.2,86368943.0
4655,2018-05-03,262.26,259.05,263.36,262.62,136311479.0
4656,2018-05-04,261.52,261.15,266.79,266.02,91222075.0
4657,2018-05-07,266.89,266.11,268.02,266.92,55304907.0
4658,2018-05-08,266.5,265.15,267.33,266.92,67499247.0
4659,2018-05-09,267.68,267.09,269.87,269.5,59666143.0
4660,2018-05-10,270.34,270.22,272.39,272.02,72063931.0
4661,2018-05-11,272.16,271.58,273.15,272.85,59871511.0
4662,2018-05-14,273.34,272.36,274.08,272.98,54790606.0
4663,2018-05-15,271.59,270.03,271.61,271.1,87036136.0
4664,2018-05-16,271.14,271.11,272.76,272.24,53942631.0
4665,2018-05-17,271.94,271.13,273.23,272.01,56536400.0
4666,2018-05-18,271.62,270.93,272.03,271.33,64367959.0
4667,2018-05-21,273.01,272.57,273.98,273.37,58025875.0
4668,2018-05-22,273.96,272.24,274.25,272.61,52966358.0
4669,2018-05-23,271.17,270.99,273.39,273.36,64694184.0
4670,2018-05-24,272.91,270.78,273.22,272.8,76043827.0
4671,2018-05-25,272.15,271.58,272.86,272.15,56374755.0
4672,2018-05-29,270.31,267.76,271.17,269.02,115908607.0
4673,2018-05-30,270.5,270.42,273.11,272.61,69678449.0
4674,2018-05-31,272.15,270.26,272.49,270.94,93519941.0
4675,2018-06-01,272.41,272.33,273.94,273.6,71258411.0
4676,2018-06-04,274.53,274.26,275.19,274.9,45385166.0
4677,2018-06-05,275.05,274.18,275.53,275.1,51135038.0
4678,2018-06-06,275.79,275.09,277.52,277.4,62732215.0
4679,2018-06-07,277.95,276.34,278.28,277.37,72969402.0
4680,2018-06-08,276.85,276.66,278.25,278.19,72139719.0
4681,2018-06-11,278.44,278.31,279.37,278.56,58892515.0
4682,2018-06-12,279.03,278.19,279.33,278.92,72329028.0
4683,2018-06-13,279.19,277.8,279.48,278.03,79070610.0
4684,2018-06-14,279.01,278.06,279.33,278.73,77097620.0
4685,2018-06-15,276.6,275.35,277.51,277.13,120041562.0
4686,2018-06-18,275.49,274.95,276.7,276.56,52917581.0
4687,2018-06-19,274.0,273.53,275.75,275.5,97531510.0
4688,2018-06-20,276.27,275.59,276.72,275.97,53785486.0
4689,2018-06-21,275.96,273.68,275.98,274.24,71061404.0
4690,2018-06-22,275.66,274.49,275.79,274.74,56612003.0
4691,2018-06-25,273.44,269.1,273.62,271.0,137854162.0
4692,2018-06-26,271.64,270.79,272.56,271.6,68683211.0
4693,2018-06-27,272.26,269.18,273.87,269.35,104960655.0
4694,2018-06-28,269.29,268.49,271.75,270.89,76650517.0
4695,2018-06-29,272.12,271.15,273.66,271.28,97592499.0
4696,2018-07-02,269.51,269.24,272.04,271.86,63554774.0
4697,2018-07-03,272.87,270.42,272.98,270.9,42187071.0
4698,2018-07-05,272.17,270.96,273.18,273.11,56925919.0
4699,2018-07-06,273.14,272.71,275.84,275.42,66493696.0
4700,2018-07-09,276.55,276.5,277.96,277.9,50550399.0
4701,2018-07-10,278.41,278.08,279.01,278.9,51966829.0
4702,2018-07-11,277.15,276.52,278.04,276.86,77054739.0
4703,2018-07-12,278.28,277.6,279.43,279.37,60124687.0
4704,2018-07-13,279.17,278.66,279.93,279.59,48234964.0
4705,2018-07-16,279.64,278.84,279.8,279.34,48201038.0
4706,2018-07-17,278.47,278.41,280.91,280.47,52315500.0
4707,2018-07-18,280.56,280.06,281.18,281.06,44593465.0
4708,2018-07-19,280.31,279.46,280.74,280.0,61412117.0
4709,2018-07-20,279.77,279.5,280.48,279.68,82372729.0
4710,2018-07-23,279.45,279.06,280.43,280.2,47047565.0
4711,2018-07-24,281.79,280.63,282.56,281.61,68026935.0
4712,2018-07-25,281.33,281.28,284.37,284.01,78882927.0
4713,2018-07-26,283.2,283.09,284.11,283.34,57919495.0
4714,2018-07-27,283.71,280.38,283.82,281.42,76783177.0
4715,2018-07-30,281.51,279.36,281.69,279.95,63742508.0
4716,2018-07-31,280.81,280.38,282.02,281.33,68570493.0
4717,2018-08-01,281.56,280.13,282.13,280.86,53853326.0
4718,2018-08-02,279.39,279.16,282.58,282.39,63426363.0
4719,2018-08-03,282.53,282.33,283.66,283.6,53935386.0
4720,2018-08-06,283.64,283.2,284.99,284.64,39400887.0
4721,2018-08-07,285.39,285.24,286.01,285.58,43196646.0
4722,2018-08-08,285.39,284.94,285.91,285.46,42114551.0
4723,2018-08-09,285.53,284.92,285.97,285.07,35716976.0
4724,2018-08-10,283.45,282.36,284.06,283.16,77076044.0
4725,2018-08-13,283.47,281.77,284.16,282.1,65732909.0
4726,2018-08-14,282.92,282.48,284.17,283.9,43842031.0
4727,2018-08-15,282.38,280.16,282.54,281.78,102925355.0
4728,2018-08-16,283.4,283.36,285.04,284.06,69967919.0
4729,2018-08-17,283.83,283.37,285.56,285.06,65618481.0
4730,2018-08-20,285.57,285.06,285.97,285.67,39807490.0
4731,2018-08-21,286.25,285.71,287.31,286.34,67271983.0
4732,2018-08-22,285.88,285.58,286.76,286.17,44993333.0
4733,2018-08-23,285.97,285.43,286.94,285.79,49204851.0
4734,2018-08-24,286.44,286.38,287.67,287.51,57487399.0
4735,2018-08-27,288.86,288.68,289.9,289.78,57072377.0
4736,2018-08-28,290.3,289.4,290.42,289.92,46943472.0
4737,2018-08-29,290.16,289.89,291.74,291.48,61485514.0
4738,2018-08-30,290.94,289.63,291.36,290.3,61229501.0
4739,2018-08-31,289.84,289.29,290.81,290.31,66140838.0
4740,2018-09-04,289.84,288.68,290.21,289.81,57594367.0
4741,2018-09-05,289.41,287.89,289.64,289.03,72452437.0
4742,2018-09-06,289.15,287.0,289.49,288.16,65909863.0
4743,2018-09-07,286.98,286.71,288.7,287.6,73524824.0
4744,2018-09-10,288.74,287.88,289.04,288.1,50191113.0
4745,2018-09-11,287.37,286.98,289.55,289.05,50530492.0
4746,2018-09-12,289.06,288.23,289.8,289.12,59810758.0
4747,2018-09-13,290.32,290.0,291.04,290.83,51034222.0
4748,2018-09-14,291.06,290.0,291.27,290.88,55079875.0
4749,2018-09-17,290.82,289.03,290.86,289.34,68244043.0
4750,2018-09-18,289.58,289.55,291.58,290.91,61930407.0
4751,2018-09-19,290.97,290.83,291.69,291.22,49080562.0
4752,2018-09-20,292.64,291.24,293.94,293.58,100360646.0
4753,2018-09-21,293.09,291.81,293.22,291.99,105479656.0
4754,2018-09-24,291.34,290.37,291.5,291.02,53409645.0
4755,2018-09-25,291.53,290.48,291.65,290.75,44370037.0
4756,2018-09-26,290.91,289.41,292.24,289.88,79739674.0
4757,2018-09-27,290.41,290.1,291.91,290.69,59249455.0
4758,2018-09-28,289.99,289.95,291.28,290.72,70091385.0
4759,2018-10-01,292.11,290.98,292.93,291.73,62078937.0
4760,2018-10-02,291.56,291.14,292.36,291.56,47258227.0
4761,2018-10-03,292.74,291.32,293.21,291.72,64694594.0
4762,2018-10-04,291.18,287.66,291.24,289.44,111545910.0
4763,2018-10-05,289.69,286.22,290.27,287.82,105951698.0
4764,2018-10-08,287.05,285.5,288.22,287.82,87742172.0
4765,2018-10-09,287.39,286.77,288.86,287.4,74338982.0
4766,2018-10-10,286.83,277.88,286.91,278.3,214731042.0
4767,2018-10-11,277.08,270.36,278.9,272.17,274840491.0
4768,2018-10-12,276.77,272.37,277.09,275.95,183186492.0
4769,2018-10-15,275.55,274.3,277.04,274.4,102263717.0
4770,2018-10-16,276.6,276.07,280.82,280.4,118255834.0
4771,2018-10-17,280.44,277.56,281.15,280.45,110625987.0
4772,2018-10-18,279.4,274.97,280.07,276.4,134557525.0
4773,2018-10-19,277.13,275.47,279.3,276.25,139901634.0
4774,2018-10-22,277.0,274.41,277.36,275.01,82415812.0
4775,2018-10-23,270.95,268.61,274.87,273.61,146352719.0
4776,2018-10-24,273.33,264.7,273.76,265.32,177806697.0
4777,2018-10-25,267.38,266.23,271.81,270.08,138061545.0
4778,2018-10-26,265.92,262.29,271.0,265.33,201574596.0
4779,2018-10-29,268.8,259.85,270.25,263.86,160749101.0
4780,2018-10-30,263.67,263.12,268.12,267.77,157115995.0
4781,2018-10-31,270.65,270.12,273.23,270.63,128296325.0
4782,2018-11-01,271.6,270.38,273.73,273.51,99495037.0
4783,2018-11-02,274.75,269.59,275.23,271.89,122634107.0
4784,2018-11-05,272.44,271.35,274.01,273.39,65622482.0
4785,2018-11-06,273.32,273.25,275.3,275.12,60085894.0
4786,2018-11-07,277.56,277.08,281.1,281.01,102752099.0
4787,2018-11-08,280.11,279.22,281.22,280.5,65584886.0
4788,2018-11-09,279.03,276.18,279.24,277.76,98812561.0
4789,2018-11-12,277.19,271.99,277.46,272.57,99673574.0
4790,2018-11-13,273.09,271.25,275.33,272.06,98176610.0
4791,2018-11-14,274.16,268.45,274.61,270.2,125335931.0
4792,2018-11-15,268.78,267.01,273.54,273.02,135101437.0
4793,2018-11-16,271.79,271.21,274.75,273.73,126668040.0
4794,2018-11-19,273.05,268.07,273.38,269.1,103061706.0
4795,2018-11-20,265.36,263.15,267.0,264.12,136021311.0
4796,2018-11-21,265.86,265.01,267.15,265.02,75563743.0
4797,2018-11-23,263.18,263.07,264.82,263.25,42807878.0
4798,2018-11-26,265.78,265.34,267.75,267.5,79981362.0
4799,2018-11-27,266.34,265.66,268.4,268.4,75502441.0
4800,2018-11-28,269.6,268.33,274.58,274.58,127629633.0
4801,2018-11-29,273.71,272.43,275.55,273.98,82346420.0
4802,2018-11-30,273.81,273.45,276.28,275.65,98204190.0
4803,2018-12-03,280.28,277.51,280.4,279.3,103017719.0
4804,2018-12-04,278.37,269.9,278.85,270.25,177986013.0
4805,2018-12-06,265.92,262.44,269.97,269.84,204185411.0
4806,2018-12-07,269.46,262.63,271.22,263.57,161018923.0
4807,2018-12-10,263.37,258.62,265.16,264.07,151445885.0
4808,2018-12-11,267.66,262.48,267.87,264.13,121504431.0
4809,2018-12-12,267.47,265.37,269.0,265.46,97976706.0
4810,2018-12-13,266.52,264.12,267.49,265.37,96662717.0
4811,2018-12-14,262.96,259.85,264.03,260.47,116961071.0
4812,2018-12-17,259.4,253.53,260.65,255.36,165492257.0
4813,2018-12-18,257.2,253.28,257.95,255.08,134515094.0
4814,2018-12-19,255.17,249.35,259.4,251.26,214992763.0
4815,2018-12-20,249.86,244.65,251.62,247.17,252053377.0
4816,2018-12-21,246.74,239.98,249.71,240.7,255345633.0
4817,2018-12-24,239.04,234.27,240.84,234.34,147311588.0
4818,2018-12-26,235.97,233.76,246.18,246.18,218485360.0
4819,2018-12-27,242.57,238.96,248.29,248.07,186267342.0
4820,2018-12-28,249.58,246.45,251.4,247.75,153100189.0
4821,2018-12-31,249.56,247.47,250.19,249.92,144299370.0
4822,2019-01-02,245.98,245.95,251.21,250.18,126925199.0
4823,2019-01-03,248.23,243.67,248.57,244.21,144140692.0
4824,2019-01-04,247.59,247.17,253.11,252.39,142628834.0
4825,2019-01-07,252.69,251.69,255.95,254.38,103139100.0
4826,2019-01-08,256.82,254.0,257.31,256.77,102512587.0
4827,2019-01-09,257.56,256.19,258.91,257.97,95006554.0
4828,2019-01-10,256.26,255.5,259.16,258.88,96823923.0
4829,2019-01-11,257.68,257.03,259.01,258.98,73858110.0
4830,2019-01-14,256.86,256.41,258.3,257.4,70908227.0
4831,2019-01-15,257.82,257.81,260.7,260.35,85208271.0
4832,2019-01-16,260.83,260.6,261.97,260.98,77636710.0
4833,2019-01-17,260.01,259.96,263.92,262.96,96118435.0
4834,2019-01-18,264.98,263.0,266.98,266.46,127900303.0
4835,2019-01-22,264.82,261.06,265.06,262.86,115531183.0
4836,2019-01-23,264.01,260.66,264.79,263.41,86030287.0
4837,2019-01-24,263.21,262.08,264.2,263.55,59204139.0
4838,2019-01-25,265.61,263.66,266.7,265.78,96883358.0
4839,2019-01-28,263.39,261.79,263.83,263.76,85613655.0
4840,2019-01-29,263.92,262.48,264.55,263.41,66136334.0
4841,2019-01-30,265.1,264.25,268.52,267.58,92473671.0
4842,2019-01-31,267.51,267.27,270.47,269.93,104012073.0
4843,2019-02-01,270.15,269.18,271.2,270.06,85782524.0
4844,2019-02-04,270.11,269.36,272.03,271.96,60744844.0
4845,2019-02-05,272.44,271.88,273.44,273.1,79552774.0
4846,2019-02-06,272.79,271.92,273.34,272.74,58347791.0
4847,2019-02-07,270.94,268.29,271.55,270.14,95481961.0
4848,2019-02-08,268.75,267.83,270.58,270.47,75788861.0
4849,2019-02-11,271.2,270.03,271.49,270.62,68021423.0
4850,2019-02-12,272.42,272.34,274.52,274.1,72270221.0
4851,2019-02-13,275.03,274.56,275.93,274.99,65277204.0
4852,2019-02-14,273.78,272.87,275.64,274.38,83234396.0
4853,2019-02-15,276.36,276.13,277.41,277.37,97088659.0
4854,2019-02-19,276.48,276.47,278.58,277.85,59120804.0
4855,2019-02-20,277.81,277.25,278.92,278.41,76610767.0
4856,2019-02-21,277.7,276.35,278.1,277.42,64214727.0
4857,2019-02-22,278.11,277.4,279.36,279.14,78114616.0
4858,2019-02-25,280.73,279.43,281.31,279.52,69030699.0
4859,2019-02-26,279.13,278.9,280.3,279.32,56844101.0
4860,2019-02-27,278.52,277.48,279.59,279.2,56921570.0
4861,2019-02-28,278.96,278.32,279.45,278.68,69268293.0
4862,2019-03-01,280.44,278.82,280.88,280.42,78880548.0
4863,2019-03-04,281.6,276.84,281.87,279.4,106494637.0
4864,2019-03-05,279.54,278.41,279.76,279.02,59114559.0
4865,2019-03-06,279.15,276.97,279.16,277.33,75039771.0
4866,2019-03-07,276.83,274.07,276.99,275.01,94885089.0
4867,2019-03-08,272.94,272.42,274.65,274.46,85795799.0
4868,2019-03-11,275.26,275.23,278.62,278.44,65098897.0
4869,2019-03-12,279.06,278.85,280.07,279.49,79667530.0
4870,2019-03-13,280.48,280.3,282.38,281.34,80639153.0
4871,2019-03-14,281.37,280.67,281.84,281.16,67518366.0
4872,2019-03-15,280.54,280.33,282.21,281.31,81308979.0
4873,2019-03-18,281.55,281.3,282.66,282.33,62199806.0
4874,2019-03-19,283.51,281.41,284.36,282.4,90268121.0
4875,2019-03-20,282.16,280.32,283.5,281.55,84609210.0
4876,2019-03-21,280.64,280.59,285.18,284.73,79550375.0
4877,2019-03-22,283.22,279.18,283.8,279.25,122659286.0
4878,2019-03-25,278.87,277.64,280.19,279.04,85575197.0
4879,2019-03-26,280.99,279.56,282.18,281.12,68125920.0
4880,2019-03-27,281.11,277.93,281.76,279.65,72224722.0
4881,2019-03-28,280.35,279.07,281.21,280.71,56238545.0
4882,2019-03-29,282.39,281.14,282.84,282.48,82186806.0
4883,2019-04-01,284.7,284.4,286.16,285.83,77617945.0
4884,2019-04-02,286.04,285.09,286.23,285.97,40070351.0
4885,2019-04-03,287.32,285.75,287.76,286.42,68243202.0
4886,2019-04-04,286.78,286.01,287.46,287.18,48997505.0
4887,2019-04-05,287.92,287.6,288.63,288.57,58621729.0
4888,2019-04-08,288.1,287.37,288.91,288.79,53566335.0
4889,2019-04-09,287.72,286.7,288.08,287.31,66142316.0
4890,2019-04-10,287.77,287.31,288.39,288.29,52601499.0
4891,2019-04-11,288.83,287.58,288.84,288.21,55093100.0
4892,2019-04-12,290.0,288.26,290.47,290.16,69727782.0
4893,2019-04-15,290.24,289.08,290.35,289.97,49596685.0
4894,2019-04-16,290.95,289.5,291.01,290.16,52153197.0
4895,2019-04-17,291.4,288.99,291.43,289.45,58268295.0
4896,2019-04-18,290.1,288.66,290.32,290.02,68708513.0
4897,2019-04-22,289.17,289.07,290.44,290.27,40160140.0
4898,2019-04-23,290.68,290.42,293.14,292.88,52246633.0
4899,2019-04-24,292.79,292.07,293.16,292.23,50392914.0
4900,2019-04-25,292.12,290.73,292.78,292.05,57770862.0
4901,2019-04-26,292.1,291.24,293.49,293.41,50916423.0
4902,2019-04-29,293.51,293.41,294.45,293.87,57197747.0
4903,2019-04-30,293.49,291.92,294.34,294.02,81111733.0
4904,2019-05-01,294.72,291.8,294.95,291.81,71671870.0
4905,2019-05-02,291.68,289.52,292.7,291.18,65030170.0
4906,2019-05-03,292.82,291.3,294.34,294.03,56543653.0
4907,2019-05-06,289.25,288.9,293.31,292.82,107198069.0
4908,2019-05-07,290.15,285.81,290.81,287.93,144729908.0
4909,2019-05-08,287.53,286.87,289.43,287.53,91568287.0
4910,2019-05-09,285.23,283.3,287.33,286.66,103471104.0
4911,2019-05-10,285.62,282.3,288.94,288.1,112429293.0
4912,2019-05-13,282.42,279.93,283.49,280.86,127290527.0
4913,2019-05-14,281.99,281.85,285.1,283.4,77003230.0
4914,2019-05-15,281.59,281.36,285.77,285.06,73956407.0
4915,2019-05-16,285.84,285.76,289.21,287.7,76749643.0
4916,2019-05-17,285.14,285.12,288.6,285.84,100353024.0
4917,2019-05-20,284.06,283.12,285.96,283.95,62877610.0
4918,2019-05-21,285.83,285.55,286.93,286.51,46847085.0
4919,2019-05-22,285.45,285.1,286.69,285.63,49482472.0
4920,2019-05-23,283.16,280.57,283.21,282.14,98733847.0
4921,2019-05-24,283.74,282.09,284.2,282.78,55268095.0
4922,2019-05-28,283.09,280.13,284.15,280.15,70029356.0
4923,2019-05-29,278.91,276.71,279.36,278.27,104972927.0
4924,2019-05-30,279.11,277.81,280.04,279.03,62523780.0
4925,2019-05-31,276.2,275.24,277.12,275.27,86862782.0
4926,2019-06-03,275.31,273.09,276.55,274.57,96427952.0
4927,2019-06-04,277.12,276.62,280.68,280.53,77231889.0
4928,2019-06-05,282.33,280.32,282.99,282.96,71169717.0
4929,2019-06-06,283.29,282.57,285.55,284.8,69430381.0
4930,2019-06-07,285.93,285.74,288.85,287.65,74272199.0
4931,2019-06-10,289.37,288.87,290.82,288.97,60799053.0
4932,2019-06-11,290.99,288.18,291.4,288.9,58641325.0
4933,2019-06-12,288.64,287.82,289.26,288.39,47096312.0
4934,2019-06-13,289.4,288.62,289.98,289.58,48945156.0
4935,2019-06-14,289.26,288.41,289.93,289.26,52324716.0
4936,2019-06-17,289.52,289.18,290.22,289.37,39205709.0
4937,2019-06-18,291.39,290.99,293.57,292.4,85434823.0
4938,2019-06-19,292.55,291.47,293.65,293.06,78674377.0
4939,2019-06-20,296.04,293.13,296.31,295.86,116570017.0
4940,2019-06-21,294.13,293.76,295.52,294.0,83309466.0
4941,2019-06-24,294.23,293.47,294.58,293.64,47582730.0
4942,2019-06-25,293.7,290.64,293.73,290.76,82028656.0
4943,2019-06-26,291.75,290.35,292.31,290.47,51584902.0
4944,2019-06-27,291.31,290.89,292.06,291.5,40355239.0
4945,2019-06-28,292.58,292.01,293.55,293.0,59350929.0
4946,2019-07-01,296.68,294.33,296.92,295.66,79107474.0
4947,2019-07-02,295.61,294.68,296.49,296.43,61504544.0
4948,2019-07-03,297.18,297.02,298.82,298.8,40898896.0
4949,2019-07-05,297.44,296.01,298.64,298.46,51677326.0
4950,2019-07-08,297.01,296.22,298.26,296.82,45841772.0
4951,2019-07-09,295.54,295.48,297.52,297.19,41101279.0
4952,2019-07-10,298.37,297.78,299.66,298.61,58595558.0
4953,2019-07-11,299.32,298.2,299.58,299.31,50889481.0
4954,2019-07-12,299.85,299.51,300.73,300.65,40354410.0
4955,2019-07-15,301.13,300.19,301.13,300.75,33910261.0
4956,2019-07-16,300.65,299.44,300.88,299.78,40567964.0
4957,2019-07-17,299.75,297.74,299.93,297.74,44102443.0
4958,2019-07-18,297.19,296.7,299.25,298.83,51701687.0
4959,2019-07-19,300.04,296.98,300.07,297.17,71081238.0
4960,2019-07-22,297.61,297.04,298.5,297.9,43687404.0
4961,2019-07-23,299.14,298.22,300.03,300.03,44657973.0
4962,2019-07-24,299.19,299.09,301.44,301.44,47213232.0
4963,2019-07-25,300.94,299.11,301.0,300.0,55394074.0
4964,2019-07-26,300.76,300.62,302.23,302.01,45084077.0
4965,2019-07-29,301.88,300.85,302.01,301.46,38126462.0
4966,2019-07-30,299.91,299.49,301.17,300.72,45849045.0
4967,2019-07-31,300.99,295.2,301.2,297.43,104245162.0
4968,2019-08-01,297.6,293.96,300.87,294.84,142646576.0
4969,2019-08-02,293.85,290.9,294.12,292.62,116749695.0
4970,2019-08-05,288.09,281.72,288.21,283.82,178745449.0
4971,2019-08-06,285.91,284.28,288.04,287.8,120711682.0
4972,2019-08-07,284.4,282.04,288.82,287.97,140572265.0
4973,2019-08-08,289.62,289.01,293.62,293.62,87713904.0
4974,2019-08-09,292.58,289.65,293.24,291.62,93729958.0
4975,2019-08-12,289.96,287.02,291.61,288.07,62629500.0
4976,2019-08-13,287.74,287.36,294.15,292.55,94792972.0
4977,2019-08-14,288.07,283.76,288.74,283.9,135622053.0
4978,2019-08-15,284.88,282.39,285.64,284.65,101929845.0
4979,2019-08-16,286.48,284.7138,289.33,288.85,85825286.0
4980,2019-08-19,292.19,291.44,293.08,292.33,53640153.0
4981,2019-08-20,291.77,289.95,292.36,290.09,51652752.0
4982,2019-08-21,292.48,291.72,292.86,292.45,49723430.0
4983,2019-08-22,293.23,290.4,293.93,292.36,51739292.0
4984,2019-08-23,290.92,283.47,292.76,284.85,149318151.0
4985,2019-08-26,287.27,285.58,288.0,288.0,72620598.0
4986,2019-08-27,289.54,286.03,289.95,286.87,68262998.0
4987,2019-08-28,286.14,285.25,289.07,288.89,58891544.0
4988,2019-08-29,291.72,290.61,293.16,292.58,57998913.0
4989,2019-08-30,294.22,291.42,294.24,292.45,62831109.0
4990,2019-09-03,290.57,289.27,291.58,290.74,69078772.0
4991,2019-09-04,293.14,292.31,294.06,294.04,46813644.0
4992,2019-09-05,296.79,294.0,298.83,297.82,83197295.0
4993,2019-09-06,298.17,297.42,298.76,298.05,49510922.0
4994,2019-09-09,299.14,297.16,299.24,298.2,51086154.0
4995,2019-09-10,297.36,295.97,298.2,298.13,57698673.0
4996,2019-09-11,298.47,297.75,300.34,300.25,68008165.0
4997,2019-09-12,301.25,300.41,302.46,301.29,72546530.0
4998,2019-09-13,301.78,300.68,302.17,301.09,62053458.0
4999,2019-09-16,299.84,299.45,301.14,300.16,57934320.0
5000,2019-09-17,299.94,299.75,301.02,300.92,42770135.0
5001,2019-09-18,300.49,298.24,301.22,301.1,73875018.0
5002,2019-09-19,301.53,300.71,302.63,301.08,77933334.0
5003,2019-09-20,300.36,297.41,300.67,298.28,96939851.0
5004,2019-09-23,297.55,297.27,299.0,298.21,47134009.0
5005,2019-09-24,299.41,294.81,299.84,295.87,97160127.0
5006,2019-09-25,295.96,294.33,298.11,297.62,73267803.0
5007,2019-09-26,297.63,295.45,297.86,297.0,58594707.0
5008,2019-09-27,297.83,293.69,297.95,295.4,84755721.0
5009,2019-09-30,295.97,295.92,297.55,296.77,52438861.0
5010,2019-10-01,297.74,293.0,298.46,293.24,89425082.0
5011,2019-10-02,291.5,286.64,291.51,288.06,124208927.0
5012,2019-10-03,287.81,284.82,290.45,290.42,85718095.0
5013,2019-10-04,291.14,291.08,294.63,294.35,66737063.0
5014,2019-10-07,293.47,292.77,295.26,293.08,60549809.0
5015,2019-10-08,291.04,288.49,291.85,288.53,101367099.0
5016,2019-10-09,290.75,290.06,292.3,291.27,64341784.0
5017,2019-10-10,291.18,291.0,294.21,293.24,54459839.0
5018,2019-10-11,296.27,296.14,298.74,296.28,101099695.0
5019,2019-10-14,295.93,295.57,296.67,295.95,40467320.0
5020,2019-10-15,297.1,296.97,299.7,298.88,48123837.0
5021,2019-10-16,298.37,297.92,299.16,298.4,50293197.0
5022,2019-10-17,299.68,298.52,300.24,299.28,46676445.0
5023,2019-10-18,298.69,297.03,299.4,297.97,64293228.0
5024,2019-10-21,299.42,298.94,300.21,299.99,39388285.0
5025,2019-10-22,300.58,298.91,300.9,299.01,49028214.0
5026,2019-10-23,298.73,298.5,299.94,299.88,34857719.0
5027,2019-10-24,300.91,299.46,301.07,300.37,35688865.0
5028,2019-10-25,299.74,299.68,302.2,301.6,45145150.0
5029,2019-10-28,302.94,302.91,303.85,303.3,40174540.0
5030,2019-10-29,303.0,302.86,304.23,303.21,44201626.0
5031,2019-10-30,303.43,301.99,304.55,304.14,49542312.0
5032,2019-10-31,304.13,301.73,304.13,303.33,68955393.0
5033,2019-11-01,304.92,304.74,306.19,306.14,71071915.0
5034,2019-11-04,307.85,306.96,308.0,307.37,60270655.0
5035,2019-11-05,307.59,306.71,307.92,307.03,42809998.0
5036,2019-11-06,307.03,306.06,307.4,307.1,46402927.0
5037,2019-11-07,308.57,307.66,309.65,308.18,53823043.0
5038,2019-11-08,307.8,307.03,309.0,308.94,49019213.0
5039,2019-11-11,307.42,307.27,308.54,308.35,35775777.0
5040,2019-11-12,308.75,308.15,309.99,309.0,46141997.0
5041,2019-11-13,307.91,307.66,309.54,309.1,54261698.0
5042,2019-11-14,308.79,308.09,309.64,309.55,51148052.0
5043,2019-11-15,311.02,310.26,311.84,311.79,61990853.0
5044,2019-11-18,311.53,311.03,312.28,312.02,49285964.0
5045,2019-11-19,312.68,311.22,312.69,311.93,67663099.0
5046,2019-11-20,311.28,309.06,311.85,310.77,79200298.0
5047,2019-11-21,310.89,309.39,311.01,310.27,54403450.0
5048,2019-11-22,311.09,309.85,311.24,310.96,44803329.0
5049,2019-11-25,311.98,311.98,313.37,313.37,48606151.0
5050,2019-11-26,313.41,313.06,314.28,314.08,37515200.0
5051,2019-11-27,314.61,314.37,315.48,315.48,44260649.0
5052,2019-11-29,314.86,314.06,315.13,314.31,36592740.0
5053,2019-12-02,314.59,311.17,314.66,311.64,75719967.0
5054,2019-12-03,308.65,307.13,309.64,309.55,74784721.0
5055,2019-12-04,310.7,310.32,312.12,311.46,49007961.0
5056,2019-12-05,312.23,310.58,312.25,312.02,40657041.0
5057,2019-12-06,314.12,314.11,315.31,314.87,48926121.0
5058,2019-12-09,314.44,313.8,315.18,313.88,34788380.0
5059,2019-12-10,313.82,312.81,314.55,313.53,52609340.0
5060,2019-12-11,314.03,313.44,314.7,314.42,46889653.0
5061,2019-12-12,314.43,314.17,317.99,317.13,96035635.0
5062,2019-12-13,316.87,316.02,318.67,317.32,81489263.0
5063,2019-12-16,319.22,317.25,320.15,319.5,82723814.0
5064,2019-12-17,319.92,319.48,320.25,319.57,61062693.0
5065,2019-12-18,320.0,319.53,320.25,319.59,48721894.0
5066,2019-12-19,319.8,319.52,320.98,320.9,85248597.0
5067,2019-12-20,320.46,319.39,321.97,320.73,149214080.0
5068,2019-12-23,321.59,321.06,321.65,321.22,52980805.0
5069,2019-12-24,321.47,320.9,321.52,321.23,20270007.0
5070,2019-12-26,321.65,321.64,322.95,322.94,30854382.0
5071,2019-12-27,323.74,322.28,323.8,322.86,42523486.0
5072,2019-12-30,322.95,320.55,323.1,321.08,49652827.0
5073,2019-12-31,320.53,320.15,322.13,321.86,57059907.0
5074,2020-01-02,323.54,322.53,324.89,324.87,59037072.0
5075,2020-01-03,321.16,321.1,323.64,322.41,77708081.0
5076,2020-01-06,320.49,320.36,323.73,323.64,55596982.0
5077,2020-01-07,323.02,322.24,323.54,322.73,40461249.0
5078,2020-01-08,322.94,322.67,325.78,324.45,68177241.0
5079,2020-01-09,326.16,325.52,326.73,326.65,48421935.0
5080,2020-01-10,327.29,325.2,327.46,325.71,53028660.0
5081,2020-01-13,326.39,325.92,327.96,327.95,47026115.0
5082,2020-01-14,327.47,326.84,328.62,327.45,62784185.0
5083,2020-01-15,327.35,327.26,329.02,328.19,71870739.0
5084,2020-01-16,329.7,329.45,330.92,330.92,53788867.0
5085,2020-01-17,331.7,330.85,332.18,331.95,95778839.0
5086,2020-01-21,330.9,330.82,332.18,331.3,77624157.0
5087,2020-01-22,332.24,331.17,332.95,331.34,48705035.0
5088,2020-01-23,330.63,329.41,332.17,331.72,51828259.0
5089,2020-01-24,332.44,327.36,332.53,328.77,87465785.0
5090,2020-01-27,323.03,322.66,325.12,323.5,83797934.0
5091,2020-01-28,325.06,323.6,327.85,326.89,63519891.0
5092,2020-01-29,328.38,326.4,328.63,326.62,53714641.0
5093,2020-01-30,324.36,323.54,327.91,327.68,75184385.0
5094,2020-01-31,327.0,320.73,327.17,321.73,113659402.0
5095,2020-02-03,323.35,323.22,326.16,324.12,68931216.0
5096,2020-02-04,328.07,327.72,330.01,329.06,61704740.0
5097,2020-02-05,332.27,330.67,333.09,332.86,64864742.0
5098,2020-02-06,333.91,332.8,334.19,333.98,49982975.0
5099,2020-02-07,332.82,331.6,333.99,332.2,64074382.0
5100,2020-02-10,331.23,331.19,334.75,334.68,41779456.0
5101,2020-02-11,336.16,334.68,337.02,335.26,54773045.0
5102,2020-02-12,336.83,336.43,337.65,337.42,42844434.0
5103,2020-02-13,335.86,335.56,338.12,337.06,54038002.0
5104,2020-02-14,337.51,336.2,337.73,337.6,64518123.0
5105,2020-02-18,336.51,335.21,337.67,336.73,57195407.0
5106,2020-02-19,337.79,337.48,339.08,338.34,48587393.0
5107,2020-02-20,337.74,333.68,338.64,336.95,73891268.0
5108,2020-02-21,335.47,332.58,335.81,333.48,113656552.0
5109,2020-02-24,323.14,321.24,333.56,322.42,160991237.0
5110,2020-02-25,323.94,311.69,324.61,312.65,217564684.0
5111,2020-02-26,314.18,310.7,318.11,311.5,192818004.0
5112,2020-02-27,305.46,297.51,311.56,297.51,282544492.0
5113,2020-02-28,288.7,285.54,297.89,296.26,384911854.0
5114,2020-03-02,298.21,294.46,309.16,309.09,237377617.0
5115,2020-03-03,309.5,297.57,313.84,300.24,298851919.0
5116,2020-03-04,306.12,303.33,313.1,312.86,175893889.0
5117,2020-03-05,304.98,300.01,308.47,302.46,185533970.0
5118,2020-03-06,293.15,290.23,298.78,297.46,228315219.0
5119,2020-03-09,275.3,273.45,284.19,274.23,305980554.0
5120,2020-03-10,284.64,273.5,288.52,288.42,274894230.0
5121,2020-03-11,280.7,270.88,281.94,274.36,254604444.0
5122,2020-03-12,256.0,247.68,266.66,248.11,389612072.0
5123,2020-03-13,263.09,248.52,271.48,269.32,326142197.0
5124,2020-03-16,241.18,237.36,256.9,239.85,295019288.0
5125,2020-03-17,245.04,237.07,256.17,252.8,260566279.0
5126,2020-03-18,236.25,228.02,248.37,240.0,324845381.0
5127,2020-03-19,239.25,232.22,247.38,240.51,288124389.0
5128,2020-03-20,242.53,228.5,244.47,228.8,344276957.0
5129,2020-03-23,228.19,218.26,229.68,222.95,323100167.0
5130,2020-03-24,234.42,233.8,244.1,243.15,233038623.0
5131,2020-03-25,244.87,239.75,256.35,246.79,297989659.0
5132,2020-03-26,249.52,249.05,262.8,261.2,256107410.0
5133,2020-03-27,253.27,251.05,260.81,253.42,223871285.0
5134,2020-03-30,255.7,253.53,262.43,261.65,171274407.0
5135,2020-03-31,260.56,256.22,263.33,257.75,193290928.0
5136,2020-04-01,247.98,243.9,257.66,246.15,188373330.0
5137,2020-04-02,245.19,244.59,252.68,251.83,176669824.0
5138,2020-04-03,250.76,245.22,253.32,248.19,134538553.0
5139,2020-04-06,257.84,248.17,267.0,264.86,186692564.0
5140,2020-04-07,274.21,264.89,275.03,265.13,199187791.0
5141,2020-04-08,267.96,265.25,276.0,274.03,152670223.0
5142,2020-04-09,277.58,275.47,281.2,278.2,189948139.0
5143,2020-04-13,277.14,271.41,277.51,275.66,114353986.0
5144,2020-04-14,280.98,275.51,284.9,283.79,133510280.0
5145,2020-04-15,277.57,275.46,283.94,277.76,121155983.0
5146,2020-04-16,279.15,275.76,280.03,279.1,126144324.0
5147,2020-04-17,285.38,282.4,287.3,286.64,146455688.0
5148,2020-04-20,282.61,281.35,286.79,281.59,99323028.0
5149,2020-04-21,276.73,272.02,278.04,273.04,125772551.0
5150,2020-04-22,278.35,276.91,281.0,279.1,92831657.0
5151,2020-04-23,280.49,278.75,283.94,279.08,103685412.0
5152,2020-04-24,280.73,278.5,283.7,282.97,85042563.0
5153,2020-04-27,285.12,284.62,288.27,287.05,77516422.0
5154,2020-04-28,291.02,285.4,291.4,285.73,104797847.0
5155,2020-04-29,291.53,290.41,294.88,293.21,118066585.0
5156,2020-04-30,291.71,288.59,293.32,290.48,121537052.0
5157,2020-05-01,285.31,281.52,290.66,282.79,125045778.0
5158,2020-05-04,280.74,279.13,283.9,283.57,80462952.0
5159,2020-05-05,286.64,283.71,289.25,286.19,79199214.0
5160,2020-05-06,288.04,283.78,288.46,284.25,72980387.0
5161,2020-05-07,287.75,287.13,289.78,287.68,74788296.0
5162,2020-05-08,291.09,289.86,292.95,292.44,76446082.0
5163,2020-05-11,290.34,289.88,294.0,292.5,78982891.0
5164,2020-05-12,293.79,286.52,294.24,286.67,94484342.0
5165,2020-05-13,286.06,278.96,287.19,281.6,144035915.0
5166,2020-05-14,278.95,272.99,285.11,284.97,121473094.0
5167,2020-05-15,282.37,281.34,286.33,286.28,111015834.0
5168,2020-05-18,293.05,292.7,296.75,295.0,119719465.0
5169,2020-05-19,294.35,291.95,296.21,291.97,94317356.0
5170,2020-05-20,295.82,295.57,297.87,296.93,85279592.0
5171,2020-05-21,296.79,293.69,297.67,294.88,77863922.0
5172,2020-05-22,294.57,293.22,295.63,295.44,63697627.0
5173,2020-05-26,301.93,295.46,302.19,299.08,88604807.0
5174,2020-05-27,302.12,296.87,303.57,303.53,104086252.0
5175,2020-05-28,304.65,302.24,306.84,302.97,90232213.0
5176,2020-05-29,302.46,299.47,304.96,304.32,119067393.0
5177,2020-06-01,303.62,303.06,306.21,305.55,55696013.0
5178,2020-06-02,306.55,305.1,308.13,308.08,73635043.0
5179,2020-06-03,310.24,309.94,313.22,312.18,91750087.0
5180,2020-06-04,311.11,309.08,313.0,311.36,75471787.0
5181,2020-06-05,317.23,317.16,321.27,319.34,150302461.0
5182,2020-06-08,320.22,319.63,323.41,323.2,73310274.0
5183,2020-06-09,320.3,319.36,323.28,320.79,77174695.0
5184,2020-06-10,321.42,318.22,322.39,319.0,93944722.0
5185,2020-06-11,311.46,300.01,312.15,300.61,208285190.0
5186,2020-06-12,308.24,298.6,309.08,304.21,194450402.0
5187,2020-06-15,298.02,296.74,308.28,307.05,134968796.0
5188,2020-06-16,315.48,307.67,315.64,312.96,137048347.0
5189,2020-06-17,314.07,310.86,314.39,311.66,82814592.0
5190,2020-06-18,310.01,309.51,312.3,311.78,80355844.0
5191,2020-06-19,314.17,306.53,314.38,308.64,135211345.0
5192,2020-06-22,307.99,306.75,311.05,310.62,74007212.0
5193,2020-06-23,313.49,311.61,314.5,312.05,68066900.0
5194,2020-06-24,309.84,302.1,310.51,304.09,132067392.0
5195,2020-06-25,303.47,301.28,307.64,307.35,88966079.0
5196,2020-06-26,306.16,299.42,306.39,300.05,127811745.0
5197,2020-06-29,301.41,298.93,304.61,304.46,79773260.0
5198,2020-06-30,303.99,303.82,310.2,308.36,112828251.0
5199,2020-07-01,309.57,309.07,311.89,310.52,71910372.0
5200,2020-07-02,314.24,311.51,315.7,312.23,69214995.0
5201,2020-07-06,316.37,315.56,317.68,317.05,61149258.0
5202,2020-07-07,315.38,313.37,317.52,313.78,82583406.0
5203,2020-07-08,314.61,312.7,316.3,316.18,54202602.0
5204,2020-07-09,316.84,310.68,317.1,314.38,83079092.0
5205,2020-07-10,314.31,312.76,317.88,317.59,57454436.0
5206,2020-07-13,320.13,314.13,322.71,314.84,102549097.0
5207,2020-07-14,313.3,312.0,319.76,318.92,92791839.0
5208,2020-07-15,322.41,319.27,323.04,321.85,86921534.0
5209,2020-07-16,319.79,319.09,321.28,320.79,54433414.0
5210,2020-07-17,321.88,319.74,322.57,321.72,64421802.0
5211,2020-07-20,321.43,320.62,325.13,324.32,56150230.0
5212,2020-07-21,326.45,323.94,326.93,325.01,57245315.0
5213,2020-07-22,324.62,324.5,327.2,326.86,57792915.0
5214,2020-07-23,326.47,321.48,327.23,322.96,75737989.0
5215,2020-07-24,320.95,319.246,321.99,320.88,73766597.0
5216,2020-07-27,321.63,320.775,323.41,323.22,48292970.0
5217,2020-07-28,322.43,320.85,323.64,321.17,57494979.0
5218,2020-07-29,322.12,322.075,325.73,325.12,48454159.0
5219,2020-07-30,321.9,319.64,324.41,323.96,61861714.0
5220,2020-07-31,325.9,321.33,326.63,326.52,85210755.0
5221,2020-08-03,328.32,327.73,329.62,328.79,53077948.0
5222,2020-08-04,327.86,327.86,330.06,330.06,41917893.0
5223,2020-08-05,331.47,331.18,332.39,332.11,42866354.0
5224,2020-08-06,331.4799,331.13,334.46,334.33,43679447.0
5225,2020-08-07,333.28,332.3,334.88,334.57,57308270.0
5226,2020-08-10,335.06,332.955,335.77,335.57,44282089.0
5227,2020-08-11,336.85,332.01,337.54,332.8,69601087.0
5228,2020-08-12,335.44,332.8377,338.28,337.44,53826128.0
5229,2020-08-13,336.61,335.83,338.2514,336.83,41816146.0
5230,2020-08-14,336.41,335.62,337.42,336.84,47260390.0
5231,2020-08-17,337.94,336.8517,338.34,337.91,34496002.0
5232,2020-08-18,338.34,336.61,339.1,338.64,38733908.0
5233,2020-08-19,339.05,336.62,339.61,337.23,68054244.0
5234,2020-08-20,335.36,335.22,338.8,338.28,42207826.0
5235,2020-08-21,337.92,337.55,339.72,339.48,55106628.0
5236,2020-08-24,342.12,339.4504,343.0,342.92,48588662.0
5237,2020-08-25,343.53,342.27,344.21,344.12,38463381.0
5238,2020-08-26,344.76,344.17,347.86,347.57,50790237.0
5239,2020-08-27,348.51,346.53,349.9,348.33,58034142.0
5240,2020-08-28,349.44,348.15,350.72,350.58,48588940.0
5241,2020-08-31,350.35,349.06,351.3,349.31,66099183.0
5242,2020-09-01,350.21,349.24,352.71,352.6,54999325.0
5243,2020-09-02,354.67,353.43,358.75,357.7,69540035.0
5244,2020-09-03,355.87,342.59,356.38,345.39,148011129.0
5245,2020-09-04,346.13,334.87,347.83,342.57,139156281.0
5246,2020-09-08,336.71,332.88,342.64,333.21,114465322.0
5247,2020-09-09,337.55,336.61,342.46,339.79,91462290.0
5248,2020-09-10,341.82,332.85,342.53,333.89,90569548.0
5249,2020-09-11,335.82,331.0,336.97,334.06,84680194.0
5250,2020-09-14,337.49,334.2208,340.38,338.46,65605686.0
5251,2020-09-15,341.12,338.4683,342.02,340.17,52920862.0
5252,2020-09-16,341.51,338.52,343.06,338.82,82211256.0
5253,2020-09-17,333.56,332.991,337.6996,335.84,91523339.0
5254,2020-09-18,335.37,327.97,335.49,330.65,105877942.0
5255,2020-09-21,325.7,321.73,327.13,326.97,99450829.0
5256,2020-09-22,328.57,325.86,330.9,330.3,63612107.0
5257,2020-09-23,330.9,322.1,331.2,322.64,93112240.0
5258,2020-09-24,321.22,319.8,326.797,323.5,76681332.0
5259,2020-09-25,322.58,321.64,329.58,328.73,71069426.0
5260,2020-09-28,333.22,332.15,334.96,334.19,64584614.0
5261,2020-09-29,333.97,331.6209,334.77,332.37,51531594.0
5262,2020-09-30,333.09,332.88,338.29,334.89,104081136.0
5263,2020-10-01,337.69,335.01,338.74,337.04,88698745.0
5264,2020-10-02,331.7,331.19,337.0126,333.84,89431112.0
5265,2020-10-05,336.06,336.01,339.96,339.76,45713108.0
5266,2020-10-06,339.91,334.38,342.17,334.93,90128883.0
5267,2020-10-07,338.12,338.09,341.63,340.76,56999597.0
5268,2020-10-08,342.85,341.86,343.85,343.78,45242476.0
5269,2020-10-09,345.56,344.89,347.35,346.85,59528606.0
5270,2020-10-12,349.59,349.06,354.02,352.43,80388533.0
5271,2020-10-13,352.28,349.09,352.4651,350.13,73255513.0
5272,2020-10-14,350.75,347.14,351.93,347.93,57958749.0
5273,2020-10-15,343.71,343.13,348.02,347.5,60357659.0
5274,2020-10-16,348.96,347.1,350.75,347.29,89501868.0
5275,2020-10-19,348.65,341.04,349.33,342.01,68425614.0
5276,2020-10-20,343.46,342.64,346.88,343.38,60051880.0
5277,2020-10-21,343.33,342.4,348.6847,342.73,63574979.0
5278,2020-10-22,342.96,340.65,345.24,344.61,55399292.0
5279,2020-10-23,345.93,343.13,345.99,345.78,49143931.0
5280,2020-10-26,342.13,335.62,342.98,339.39,91473002.0
5281,2020-10-27,339.76,337.99,340.12,338.22,65994108.0
5282,2020-10-28,332.1,326.13,338.2483,326.66,127094307.0
5283,2020-10-29,326.91,325.09,333.395,329.98,90597689.0
5284,2020-10-30,328.28,322.6,329.69,326.54,120448685.0
5285,2020-11-02,330.2,327.24,332.36,330.2,86068299.0
5286,2020-11-03,333.69,330.2935,338.25,336.03,93294192.0
5287,2020-11-04,340.86,339.59,347.94,343.54,126959700.0
5288,2020-11-05,349.24,348.86,352.19,350.24,82039749.0
5289,2020-11-06,349.93,347.65,351.51,350.16,74972973.0
5290,2020-11-09,363.97,354.06,364.38,354.56,172304203.0
5291,2020-11-10,353.49,350.51,355.18,354.04,85552022.0
5292,2020-11-11,356.4,355.06,357.56,356.67,58649048.0
5293,2020-11-12,355.58,351.26,356.7182,353.21,68118563.0
5294,2020-11-13,355.27,354.71,358.9,358.1,62959429.0
5295,2020-11-16,360.98,359.59,362.78,362.57,74541138.0
5296,2020-11-17,359.97,358.34,361.92,360.62,66111009.0
5297,2020-11-18,360.91,356.24,361.5,356.28,70591299.0
5298,2020-11-19,355.6,354.15,358.18,357.78,59940947.0
5299,2020-11-20,357.5,355.25,357.72,355.33,70411890.0
5300,2020-11-23,357.28,354.865,358.82,357.46,63230608.0
5301,2020-11-24,360.21,359.29,363.81,363.22,60985003.0
5302,2020-11-25,363.13,361.48,363.16,362.66,45330890.0
5303,2020-11-27,363.84,362.58,364.18,363.67,28514072.0
5304,2020-11-30,362.83,359.17,363.12,362.06,83872709.0
5305,2020-12-01,365.57,364.93,367.68,366.02,72509670.0
5306,2020-12-02,364.82,364.2,366.96,366.79,45927000.0
5307,2020-12-03,366.68,365.5,368.19,366.69,62881998.0
5308,2020-12-04,367.32,367.22,369.85,369.85,50749859.0
5309,2020-12-07,369.02,367.72,369.62,369.09,48944269.0
5310,2020-12-08,367.72,367.67,370.78,370.17,42458859.0
5311,2020-12-09,370.88,365.95,371.05,366.85,74098312.0
5312,2020-12-10,365.37,364.43,367.86,366.73,57735353.0
5313,2020-12-11,364.9,363.26,366.7402,366.3,57698614.0
5314,2020-12-14,368.64,364.47,369.8,364.66,69216174.0
5315,2020-12-15,367.4,365.92,369.59,369.59,64071099.0
5316,2020-12-16,369.82,368.8676,371.16,370.17,58420517.0
5317,2020-12-17,371.94,371.05,372.46,372.24,64119472.0
5318,2020-12-18,370.97,367.02,371.15,369.18,136542328.0
5319,2020-12-21,364.97,362.03,378.46,367.86,96386745.0
5320,2020-12-22,368.21,366.03,368.3317,367.24,48388462.0
5321,2020-12-23,368.28,367.2172,369.62,367.57,46201402.0
5322,2020-12-24,368.08,367.45,369.03,369.0,26457853.0
5323,2020-12-28,371.74,371.07,372.59,372.17,37932709.0
5324,2020-12-29,373.81,370.83,374.0,371.46,53680451.0
5325,2020-12-30,372.34,371.57,373.1,371.99,49455259.0
5326,2020-12-31,371.78,371.232,374.66,373.88,78520702.0
5327,2021-01-04,375.31,364.82,375.45,368.79,110210810.0
5328,2021-01-05,368.1,368.05,372.5,371.33,66426229.0
5329,2021-01-06,369.71,369.12,376.98,373.55,107997675.0
5330,2021-01-07,376.1,375.91,379.9,379.1,68766812.0
5331,2021-01-08,380.59,377.1,381.49,381.26,71677208.0
5332,2021-01-11,377.85,377.7189,380.58,378.69,51176719.0
5333,2021-01-12,378.89,376.36,379.86,378.77,51440114.0
5334,2021-01-13,378.69,377.85,380.86,379.79,45303619.0
5335,2021-01-14,380.59,378.1,381.13,378.46,49989113.0
5336,2021-01-15,376.72,373.7,377.58,375.7,107159962.0
5337,2021-01-19,378.34,376.75,379.23,378.65,51233300.0
5338,2021-01-20,381.11,380.69,384.79,383.89,61836062.0
5339,2021-01-21,384.49,383.25,384.95,384.24,47955809.0
5340,2021-01-22,382.25,381.835,384.1256,382.88,52136931.0
5341,2021-01-25,383.67,378.46,384.77,384.39,70401971.0
5342,2021-01-26,385.41,383.54,385.85,383.79,42665281.0
5343,2021-01-27,380.22,372.01,380.32,374.41,123351078.0
5344,2021-01-28,376.36,375.89,381.93,377.63,94198104.0
5345,2021-01-29,375.63,368.27,376.67,370.07,126765121.0
5346,2021-02-01,373.72,370.376,377.34,376.23,75817597.0
5347,2021-02-02,379.65,376.3181,383.22,381.55,62923781.0
5348,2021-02-03,382.435,380.48,383.7,381.85,52427090.0
5349,2021-02-04,382.96,381.9655,386.24,386.19,47142555.0
5350,2021-02-05,388.2,386.1444,388.47,387.71,48669773.0
5351,2021-02-08,389.27,388.35,390.56,390.51,38365185.0
5352,2021-02-09,389.61,389.17,390.89,390.25,34142633.0
5353,2021-02-10,392.12,387.5,392.28,390.08,58362935.0
5354,2021-02-11,391.24,388.1,391.69,390.71,42913288.0
5355,2021-02-12,389.85,389.77,392.9,392.64,50593270.0
5356,2021-02-16,393.96,391.53,394.17,392.3,50972366.0
5357,2021-02-17,390.42,389.33,392.66,392.39,51746878.0
5358,2021-02-18,389.59,387.74,391.515,390.72,59712773.0
5359,2021-02-19,392.07,389.55,392.38,390.03,83240971.0
5360,2021-02-22,387.06,386.74,389.62,387.03,66517089.0
5361,2021-02-23,384.66,380.2,388.945,387.5,107284127.0
5362,2021-02-24,386.33,385.27,392.23,391.77,72433946.0
5363,2021-02-25,390.41,380.7789,391.88,382.33,144712701.0
5364,2021-02-26,384.35,378.23,385.58,380.36,149530614.0
5365,2021-03-01,385.59,380.572,390.92,389.58,105348798.0
5366,2021-03-02,389.82,386.0,390.07,386.54,79595332.0
5367,2021-03-03,385.79,381.31,386.83,381.42,119940211.0
5368,2021-03-04,381.22,371.88,384.0,376.7,183433020.0
5369,2021-03-05,380.46,372.64,384.76,383.63,152039624.0
5370,2021-03-08,384.66,381.42,387.68,381.72,123149245.0
5371,2021-03-09,385.85,381.7299,389.91,387.17,113633556.0
5372,2021-03-10,389.69,388.1702,391.4,389.58,109899410.0
5373,2021-03-11,392.23,391.74,395.65,393.53,86245040.0
5374,2021-03-12,392.07,391.2,394.21,394.06,64653565.0
5375,2021-03-15,394.33,392.03,396.685,396.41,73592302.0
5376,2021-03-16,397.07,395.08,397.83,395.91,73722506.0
5377,2021-03-17,394.53,393.3,398.12,397.26,97959265.0
5378,2021-03-18,394.475,390.75,396.72,391.48,115349101.0
5379,2021-03-19,389.88,387.15,391.569,389.48,113624490.0
5380,2021-03-22,390.03,389.97,394.07,392.59,73778646.0
5381,2021-03-23,391.91,388.66,393.46,389.5,90686552.0
5382,2021-03-24,391.0,387.47,392.75,387.52,97588644.0
5383,2021-03-25,385.98,383.9,390.55,389.7,116128622.0
5384,2021-03-26,390.93,390.29,396.41,395.98,114409114.0
5385,2021-03-29,394.4,392.81,396.75,395.78,108107626.0
5386,2021-03-30,394.42,393.02,395.45,394.73,76262249.0
5387,2021-03-31,395.34,395.31,398.0,396.33,112734214.0
5388,2021-04-01,398.4,398.18,400.67,400.61,99682876.0
5389,2021-04-05,403.46,403.38,406.94,406.36,91684764.0
5390,2021-04-06,405.76,405.4,407.24,406.12,62020953.0
5391,2021-04-07,405.94,405.45,406.96,406.59,55836280.0
5392,2021-04-08,407.93,406.93,408.58,408.52,57863114.0
5393,2021-04-09,408.39,408.26,411.67,411.49,61104559.0
5394,2021-04-12,410.85,410.2,411.93,411.64,56704899.0
5395,2021-04-13,411.53,411.12,413.529,412.86,56550988.0
5396,2021-04-14,412.83,410.87,413.96,411.45,61659907.0
5397,2021-04-15,413.74,413.69,416.16,415.87,60229842.0
5398,2021-04-16,417.25,415.73,417.91,417.26,82037278.0
5399,2021-04-19,416.26,413.79,416.74,415.21,78498496.0
5400,2021-04-20,413.91,410.59,415.0859,412.17,81851828.0
5401,2021-04-21,411.51,411.36,416.29,416.07,66792983.0
5402,2021-04-22,415.89,411.13,416.78,412.27,97582788.0
5403,2021-04-23,412.87,412.79,418.25,416.74,73276195.0
5404,2021-04-26,417.44,416.8111,418.22,417.61,52182392.0
5405,2021-04-27,417.93,416.3,418.14,417.52,51303056.0
5406,2021-04-28,417.81,416.9,419.01,417.4,51238854.0
5407,2021-04-29,420.32,416.44,420.72,420.06,78544329.0
5408,2021-04-30,417.63,416.34,418.54,417.3,85527030.0
5409,2021-05-03,419.43,417.665,419.84,418.2,68128289.0
5410,2021-05-04,416.07,411.67,416.6,415.62,101591166.0
5411,2021-05-05,417.38,415.15,417.63,415.75,39960661.0
5412,2021-05-06,415.83,413.675,419.21,419.07,74321368.0
5413,2021-05-07,419.89,419.16,422.815,422.12,67733790.0
5414,2021-05-10,422.5,417.81,422.74,417.94,81852446.0
5415,2021-05-11,413.1,410.06,415.27,414.21,116887975.0
5416,2021-05-12,411.23,404.0,412.59,405.41,134811046.0
5417,2021-05-13,407.07,407.02,412.35,410.28,106393963.0
5418,2021-05-14,413.21,413.18,417.49,416.58,82201629.0
5419,2021-05-17,415.39,413.36,416.39,415.52,65129221.0
5420,2021-05-18,415.8,411.77,416.06,411.94,59810238.0
5421,2021-05-19,406.92,405.33,411.05,410.86,106467052.0
5422,2021-05-20,411.8,411.67,416.625,415.28,78022218.0
5423,2021-05-21,416.87,414.45,418.2,414.94,76578662.0
5424,2021-05-24,417.34,417.08,420.32,419.17,51376702.0
5425,2021-05-25,420.33,417.62,420.71,418.24,57451396.0
5426,2021-05-26,418.87,417.76,419.61,419.07,43088618.0
5427,2021-05-27,420.17,418.9851,420.72,419.29,56707677.0
5428,2021-05-28,420.97,419.79,421.25,420.04,58520164.0
5429,2021-06-01,422.57,419.2,422.72,419.67,54216625.0
5430,2021-06-02,420.37,419.29,421.23,420.33,49097061.0
5431,2021-06-03,417.85,416.28,419.99,418.77,58138763.0
5432,2021-06-04,420.75,418.8422,422.92,422.6,55938789.0
5433,2021-06-07,422.59,421.19,422.78,422.19,51555032.0
5434,2021-06-08,423.11,420.32,423.21,422.28,47134279.0
5435,2021-06-09,423.18,421.41,423.26,421.65,48436342.0
5436,2021-06-10,422.96,421.55,424.63,423.61,51020147.0
5437,2021-06-11,424.2,422.82,424.43,424.31,45570828.0
5438,2021-06-14,424.43,423.1,425.37,425.26,42358478.0
5439,2021-06-15,425.42,423.54,425.46,424.48,51508508.0
5440,2021-06-16,424.63,419.92,424.87,422.11,79250069.0
5441,2021-06-17,421.67,419.32,423.02,421.97,90949659.0
5442,2021-06-18,417.09,414.7,417.8281,414.92,118676302.0
5443,2021-06-21,416.8,415.93,421.06,420.86,72822028.0
5444,2021-06-22,420.85,420.08,424.0,423.11,57700303.0
5445,2021-06-23,423.19,422.51,424.05,422.6,49445414.0
5446,2021-06-24,424.89,424.62,425.55,425.1,45110288.0
5447,2021-06-25,425.9,425.55,427.0943,426.61,58129525.0
5448,2021-06-28,427.17,425.89,427.65,427.47,53159581.0
5449,2021-06-29,427.88,427.13,428.56,427.7,35970515.0
5450,2021-06-30,427.21,427.18,428.78,428.06,64827858.0
5451,2021-07-01,428.87,428.8,430.6,430.43,53441027.0
5452,2021-07-02,431.67,430.5218,434.1,433.72,57697668.0
5453,2021-07-06,433.78,430.01,434.01,432.93,68710419.0
5454,2021-07-07,433.66,431.51,434.76,434.46,63549456.0
5455,2021-07-08,428.78,427.52,431.73,430.92,97595232.0
5456,2021-07-09,432.53,430.714,435.84,435.52,76238584.0
5457,2021-07-12,435.43,434.97,437.35,437.08,52889585.0
5458,2021-07-13,436.24,435.31,437.84,435.59,52911312.0
5459,2021-07-14,437.4,434.91,437.92,436.24,64130352.0
5460,2021-07-15,434.81,432.72,435.53,434.75,55126358.0
5461,2021-07-16,436.01,430.92,436.06,431.34,75874662.0
5462,2021-07-19,426.19,421.97,431.4089,424.97,147987000.0
5463,2021-07-20,425.68,424.83,432.42,431.06,99608174.0
5464,2021-07-21,432.34,431.0111,434.7,434.55,64724389.0
5465,2021-07-22,434.74,433.69,435.72,435.46,47878539.0
5466,2021-07-23,437.52,436.79,440.3,439.94,63766637.0
5467,2021-07-26,439.31,439.26,441.03,441.02,43719187.0
5468,2021-07-27,439.91,435.99,439.94,439.01,67397137.0
5469,2021-07-28,439.68,437.31,440.3,438.83,52472360.0
5470,2021-07-29,439.815,439.81,441.8,440.65,45910298.0
5471,2021-07-30,437.91,437.77,440.06,438.51,68951202.0
5472,2021-08-02,440.34,437.21,440.93,437.59,58783297.0
5473,2021-08-03,438.44,436.1,441.28,441.15,58053896.0
5474,2021-08-04,439.78,438.73,441.1243,438.98,46732212.0
5475,2021-08-05,440.22,439.88,441.85,441.76,38969659.0
5476,2021-08-06,442.1,441.8,442.94,442.49,46930008.0
5477,2021-08-09,442.46,441.31,442.795,442.13,41222585.0
5478,2021-08-10,442.61,441.88,443.44,442.68,43339275.0
5479,2021-08-11,443.82,442.62,443.882,443.78,44034340.0
5480,2021-08-12,443.62,442.66,445.2572,445.11,38942418.0
5481,2021-08-13,445.59,445.07,445.94,445.92,38673164.0
5482,2021-08-16,444.53,442.87,447.11,446.97,73930864.0
5483,2021-08-17,444.24,440.85,444.96,444.04,92673933.0
5484,2021-08-18,442.96,438.92,444.625,439.18,89351931.0
5485,2021-08-19,436.27,436.12,441.14,439.86,92812246.0
5486,2021-08-20,440.23,439.71,443.71,443.36,72008712.0
5487,2021-08-23,445.16,443.4355,448.23,447.26,54973038.0
5488,2021-08-24,447.97,447.42,448.54,447.97,38744714.0
5489,2021-08-25,448.17,447.77,449.457,448.91,40529711.0
5490,2021-08-26,448.61,446.16,448.86,446.26,57829572.0
5491,2021-08-27,447.12,447.06,450.65,450.25,77235113.0
5492,2021-08-30,450.97,450.71,453.07,452.23,48357355.0
5493,2021-08-31,452.13,450.92,452.49,451.56,59300213.0
5494,2021-09-01,452.56,451.545,453.11,451.8,48721378.0
5495,2021-09-02,453.32,451.91,454.05,453.19,42830867.0
5496,2021-09-03,451.98,451.55,453.63,453.08,47234364.0
5497,2021-09-07,452.71,450.7423,452.81,451.46,51671534.0
5498,2021-09-08,450.89,448.86,451.67,450.91,56181907.0
5499,2021-09-09,450.7,448.72,452.57,448.98,57970407.0
5500,2021-09-10,451.04,445.31,451.49,445.44,89948174.0
5501,2021-09-13,448.64,444.11,448.92,446.58,83738649.0
5502,2021-09-14,448.12,443.22,448.34,444.17,78197140.0
5503,2021-09-15,444.62,443.44,448.41,447.88,78792222.0
5504,2021-09-16,447.32,444.02,448.36,447.17,77786735.0
5505,2021-09-17,444.92,441.02,445.37,441.4,118425037.0
5506,2021-09-20,434.88,428.86,436.56,434.04,166445534.0
5507,2021-09-21,436.53,433.07,437.91,433.63,92526112.0
5508,2021-09-22,436.05,433.747,440.03,437.86,102350143.0
5509,2021-09-23,439.85,439.6,444.89,443.18,76395981.0
5510,2021-09-24,441.44,441.21,444.67,443.91,62094837.0
5511,2021-09-27,442.81,441.9,444.05,442.64,61371108.0
5512,2021-09-28,439.69,432.94,440.04,433.72,130436306.0
5513,2021-09-29,435.19,433.85,437.04,434.45,82329213.0
5514,2021-09-30,436.02,428.78,436.77,429.14,140505979.0
5515,2021-10-01,430.98,427.23,436.0329,434.24,129240106.0
5516,2021-10-04,433.0,426.36,433.96,428.64,128569957.0
5517,2021-10-05,430.24,429.39,435.49,433.1,90682520.0
5518,2021-10-06,429.27,427.54,435.1199,434.9,113032245.0
5519,2021-10-07,438.39,438.2,441.68,438.66,72437499.0
5520,2021-10-08,439.48,437.19,439.89,437.86,74557404.0
5521,2021-10-11,437.16,434.62,440.26,434.69,65233285.0
5522,2021-10-12,435.67,432.78,436.1,433.62,71181163.0
5523,2021-10-13,434.71,431.54,436.05,435.18,72973979.0
5524,2021-10-14,439.08,438.58,442.66,442.5,70236825.0
5525,2021-10-15,444.75,444.09,446.26,445.87,66260210.0
5526,2021-10-18,443.97,443.27,447.55,447.19,62213228.0
5527,2021-10-19,448.92,448.27,450.71,450.64,46996827.0
5528,2021-10-20,451.13,451.01,452.732,452.41,49571569.0
5529,2021-10-21,451.77,451.31,453.829,453.59,41305438.0
5530,2021-10-22,453.13,451.05,454.67,453.12,58845088.0
5531,2021-10-25,454.28,452.39,455.9,455.55,45214507.0
5532,2021-10-26,457.2,455.56,458.49,455.96,56075116.0
5533,2021-10-27,456.45,453.86,457.16,453.94,72437997.0
5534,2021-10-28,455.46,455.45,458.4,458.32,51437944.0
5535,2021-10-29,455.87,455.56,459.56,459.25,70162424.0
5536,2021-11-01,460.3,458.2,460.7021,460.04,47474495.0
5537,2021-11-02,460.22,460.08,462.23,461.9,47840033.0
5538,2021-11-03,461.3,460.83,465.15,464.72,52509825.0
5539,2021-11-04,465.36,464.99,467.0,466.91,52847087.0
5540,2021-11-05,469.28,466.92,470.65,468.53,66390563.0
5541,2021-11-08,469.7,468.2031,470.23,468.93,50405194.0
5542,2021-11-09,469.32,465.88,469.57,467.38,50232447.0
5543,2021-11-10,465.58,462.04,467.38,463.62,69429653.0
5544,2021-11-11,465.21,463.75,465.29,463.77,34848495.0
5545,2021-11-12,465.12,464.11,467.86,467.27,51018081.0
5546,2021-11-15,468.64,466.23,468.81,467.43,46980500.0
5547,2021-11-16,467.15,467.07,470.485,469.28,48857502.0
5548,2021-11-17,469.0,467.48,469.19,468.14,47858289.0
5549,2021-11-18,469.24,466.34,470.01,469.73,50625607.0
5550,2021-11-19,469.61,468.5,470.94,468.89,57315573.0
5551,2021-11-22,470.89,467.35,473.54,467.57,72761954.0
5552,2021-11-23,467.22,464.45,469.095,468.19,73206538.0
5553,2021-11-24,466.06,465.19,469.57,469.44,61858813.0
5554,2021-11-26,462.34,457.77,463.9,458.97,112669636.0
5555,2021-11-29,464.07,461.73,466.56,464.6,86268818.0
5556,2021-11-30,462.0,455.3,464.03,455.56,148559598.0
5557,2021-12-01,461.64,450.29,464.67,450.5,132485835.0
5558,2021-12-02,450.73,450.31,459.07,457.4,127637758.0
5559,2021-12-03,459.17,448.92,460.3,453.42,137331647.0
5560,2021-12-06,456.13,453.56,460.79,458.79,98977532.0
5561,2021-12-07,464.41,458.6546,468.88,468.28,95484688.0
5562,2021-12-08,468.7,466.83,470.0,469.52,72238777.0
5563,2021-12-09,468.15,466.14,469.6291,466.35,61272568.0
5564,2021-12-10,469.23,466.51,470.9,470.74,77159757.0
5565,2021-12-13,470.19,466.27,470.56,466.57,87724680.0
5566,2021-12-14,463.09,460.25,465.74,463.36,97264128.0
5567,2021-12-15,463.42,460.74,470.86,470.6,116899251.0
5568,2021-12-16,472.57,464.8,472.87,466.45,116568626.0
5569,2021-12-17,461.55,458.06,464.74,459.87,135636510.0
5570,2021-12-20,454.48,451.14,455.4,454.98,107134822.0
5571,2021-12-21,458.61,456.31,463.21,463.06,69806260.0
5572,2021-12-22,462.79,462.58,467.81,467.69,58890223.0
5573,2021-12-23,468.75,468.64,472.19,470.6,56439745.0
5574,2021-12-27,472.06,472.01,477.31,477.26,56808619.0
5575,2021-12-28,477.72,476.06,478.81,476.87,47274585.0
5576,2021-12-29,476.98,475.92,478.56,477.48,54502964.0
5577,2021-12-30,477.93,475.67,479.0,476.16,55329041.0
5578,2021-12-31,475.64,474.67,476.86,474.96,63617437.0
5579,2022-01-03,476.3,473.85,477.85,477.71,72668233.0
5580,2022-01-04,479.22,475.58,479.98,477.55,71178678.0
5581,2022-01-05,477.16,468.2801,477.98,468.38,104538940.0
5582,2022-01-06,467.89,465.43,470.82,467.94,86858900.0
5583,2022-01-07,467.95,464.65,469.2,466.09,85111593.0
5584,2022-01-10,462.7,456.5973,465.74,465.51,119361989.0
5585,2022-01-11,465.23,462.05,469.85,469.75,73332978.0
5586,2022-01-12,471.59,468.94,473.2,471.02,67605444.0
5587,2022-01-13,472.19,463.44,472.88,464.53,91173121.0
5588,2022-01-14,461.19,459.9,465.09,464.72,95890948.0
5589,2022-01-18,459.74,455.31,459.96,456.49,107848237.0
5590,2022-01-19,458.13,451.46,459.6124,451.75,104945382.0
5591,2022-01-20,453.75,444.5,458.74,446.75,122379696.0
5592,2022-01-21,445.56,437.95,448.06,437.98,202271241.0
5593,2022-01-24,432.03,420.76,440.38,439.84,252496719.0
5594,2022-01-25,433.06,427.15,439.72,434.47,167997325.0
5595,2022-01-26,440.72,428.86,444.04,433.38,186391088.0
5596,2022-01-27,438.26,429.45,441.59,431.24,149878307.0
5597,2022-01-28,432.68,427.82,442.0,441.95,164457370.0
5598,2022-01-31,441.24,439.81,450.28,449.91,152251425.0
5599,2022-02-01,450.68,446.9384,453.63,452.95,123155382.0
5600,2022-02-02,455.5,453.05,458.12,457.35,117360953.0
5601,2022-02-03,450.95,445.71,452.97,446.6,118024442.0
5602,2022-02-04,446.35,443.83,452.78,448.7,118454352.0
5603,2022-02-07,449.51,445.85,450.99,447.26,84472859.0
5604,2022-02-08,446.73,445.22,451.92,450.94,81012036.0
5605,2022-02-09,455.22,455.005,457.88,457.54,92589929.0
5606,2022-02-10,451.34,447.2,457.71,449.32,140103712.0
5607,2022-02-11,449.41,438.94,451.605,440.46,153214597.0
5608,2022-02-14,439.92,435.34,441.6,439.02,123006262.0
5609,2022-02-15,443.73,443.18,446.28,446.1,88659503.0
5610,2022-02-16,443.93,441.94,448.055,446.6,84863585.0
5611,2022-02-17,443.22,436.42,446.5652,437.06,102259108.0
5612,2022-02-18,437.33,431.82,438.66,434.23,132642896.0
5613,2022-02-22,431.89,425.86,435.5,429.57,122145129.0
5614,2022-02-23,432.66,421.35,433.26,421.95,132578005.0
5615,2022-02-24,411.02,410.64,428.76,428.3,213942946.0
5616,2022-02-25,429.61,427.86,437.84,437.75,121804459.0
5617,2022-02-28,432.03,430.7,438.2,436.63,145615029.0
5618,2022-03-01,435.04,427.11,437.17,429.98,137785908.0
5619,2022-03-02,432.37,431.57,439.72,437.89,117726525.0
5620,2022-03-03,440.47,433.8,441.11,435.71,105501715.0
5621,2022-03-04,431.75,427.88,433.37,432.17,114083256.0
5622,2022-03-07,431.55,419.36,432.3018,419.43,137896560.0
5623,2022-03-08,419.62,415.12,427.21,416.25,164772744.0
5624,2022-03-09,425.14,422.82,429.51,427.41,116990765.0
5625,2022-03-10,422.52,420.44,426.43,425.48,93972655.0
5626,2022-03-11,428.12,419.53,428.77,420.07,95636277.0
5627,2022-03-14,420.89,415.79,424.55,417.0,95729188.0
5628,2022-03-15,419.77,418.42,426.84,426.17,106219117.0
5629,2022-03-16,429.89,424.8,435.68,435.62,144954805.0
5630,2022-03-17,433.59,433.19,441.07,441.07,102676870.0
5631,2022-03-18,438.0,437.22,444.86,444.52,102665985.0
5632,2022-03-21,444.34,440.68,446.46,444.39,87350111.0
5633,2022-03-22,445.86,445.86,450.58,449.59,73464881.0
5634,2022-03-23,446.91,443.71,448.49,443.8,79426098.0
5635,2022-03-24,445.94,444.76,450.5,450.49,64736892.0
5636,2022-03-25,451.16,448.43,452.98,452.69,76123606.0
5637,2022-03-28,452.06,450.06,455.91,455.91,68529767.0
5638,2022-03-29,460.02,457.18,462.07,461.55,86581542.0
5639,2022-03-30,460.34,456.465,461.195,458.7,79666942.0
5640,2022-03-31,457.89,451.16,458.76,451.64,121699948.0
5641,2022-04-01,453.31,449.14,453.46,452.92,89048773.0
5642,2022-04-04,453.13,452.26,456.91,456.8,59601000.0
5643,2022-04-05,455.22,449.82,457.83,451.03,72741037.0
5644,2022-04-06,446.89,443.47,448.93,446.52,106897970.0
5645,2022-04-07,445.59,443.53,450.69,448.77,78097214.0
5646,2022-04-08,447.97,445.94,450.63,447.57,79272711.0
5647,2022-04-11,444.11,439.39,445.0,439.92,89770538.0
5648,2022-04-12,443.08,436.6501,445.75,438.29,84363635.0
5649,2022-04-13,438.03,437.84,444.11,443.31,74070394.0
5650,2022-04-14,443.55,437.68,444.7301,437.79,97869451.0
5651,2022-04-18,436.81,435.61,439.75,437.97,66002498.0
5652,2022-04-19,437.86,437.68,445.8,445.04,77821013.0
5653,2022-04-20,446.92,443.48,447.57,444.71,64140001.0
5654,2022-04-21,448.54,437.1,450.01,438.06,85417327.0
5655,2022-04-22,436.91,425.44,438.0825,426.04,132471772.0
5656,2022-04-25,423.67,418.84,428.69,428.51,119647748.0
5657,2022-04-26,425.83,416.07,426.04,416.1,100647304.0
5658,2022-04-27,417.24,415.01,422.92,417.27,122029990.0
5659,2022-04-28,422.29,417.6,429.64,427.81,105449088.0
5660,2022-04-29,423.59,411.21,425.87,412.0,145491088.0
5661,2022-05-02,412.07,405.02,415.92,414.48,158312526.0
5662,2022-05-03,415.01,413.36,418.93,416.38,100028190.0
5663,2022-05-04,417.08,413.7099,429.66,429.06,141106960.0
5664,2022-05-05,424.55,409.44,425.0,413.81,172929106.0
5665,2022-05-06,411.1,405.73,414.8,411.34,151770811.0
5666,2022-05-09,405.1,396.5,406.41,398.17,155586067.0
5667,2022-05-10,404.49,394.82,406.08,399.09,132497200.0
5668,2022-05-11,398.07,391.96,404.04,392.75,142360992.0
5669,2022-05-12,389.37,385.15,395.8,392.34,125090753.0
5670,2022-05-13,396.71,395.61,403.18,401.72,104174421.0
5671,2022-05-16,399.98,397.6,403.97,400.09,78622444.0
5672,2022-05-17,406.53,402.5824,408.57,408.32,83029710.0
5673,2022-05-18,403.5,390.55,403.8,391.86,117674545.0
5674,2022-05-19,388.62,387.11,394.14,389.46,98510715.0
5675,2022-05-20,393.25,380.54,397.03,389.63,131432197.0
5676,2022-05-23,392.83,390.38,397.73,396.92,76414878.0
5677,2022-05-24,392.56,386.96,395.15,393.89,91448831.0
5678,2022-05-25,392.31,391.89,399.45,397.37,91472866.0
5679,2022-05-26,398.67,398.45,407.04,405.31,82168339.0
5680,2022-05-27,407.91,407.7,415.3801,415.26,84768710.0
5681,2022-05-31,413.55,410.03,416.46,412.93,95936980.0
5682,2022-06-01,415.17,406.93,416.24,409.59,86585813.0
5683,2022-06-02,409.42,407.04,417.44,417.39,79609633.0
5684,2022-06-03,412.4,409.51,414.04,410.54,71874281.0
5685,2022-06-06,414.78,410.5523,416.609,411.79,57508858.0
5686,2022-06-07,408.1,407.61,416.22,415.74,59272373.0
5687,2022-06-08,413.93,410.38,415.82,411.22,64349966.0
5688,2022-06-09,409.34,401.44,411.74,401.44,86289796.0
5689,2022-06-10,394.88,389.75,395.7777,389.8,132893864.0
5690,2022-06-13,379.85,373.3,381.81,375.0,170004861.0
5691,2022-06-14,376.85,370.59,377.94,373.87,104011831.0
5692,2022-06-15,377.36,372.12,383.9,379.2,125666797.0
5693,2022-06-16,370.51,364.0799,370.94,366.65,134473288.0
5694,2022-06-17,365.51,362.17,369.38,365.86,111113904.0
5695,2022-06-21,371.89,371.81,376.525,375.07,76811861.0
5696,2022-06-22,370.62,370.18,378.72,374.39,90059424.0
5697,2022-06-23,376.64,372.89,378.83,378.06,79292135.0
5698,2022-06-24,381.4,381.365,390.09,390.08,98050333.0
5699,2022-06-27,391.05,387.44,391.36,388.59,66009617.0
5700,2022-06-28,390.23,380.53,393.16,380.65,86689824.0
5701,2022-06-29,381.23,378.42,382.27,380.34,65675999.0
5702,2022-06-30,376.24,372.56,380.6582,377.25,112508273.0
5703,2022-07-01,376.56,373.8,381.7,381.24,74839729.0
5704,2022-07-05,375.88,372.9,381.98,381.96,81437965.0
5705,2022-07-06,382.11,379.6,385.87,383.25,70426244.0
5706,2022-07-07,385.12,383.267,389.83,388.99,64525919.0
5707,2022-07-08,387.27,385.66,390.64,388.67,72397765.0
5708,2022-07-11,385.85,383.5,386.87,384.23,58366945.0
5709,2022-07-12,383.65,378.99,386.16,380.83,62219178.0
5710,2022-07-13,375.1,374.658,381.92,378.83,84224649.0
5711,2022-07-14,373.61,371.04,379.0498,377.91,89704819.0
5712,2022-07-15,382.55,380.54,385.25,385.13,79060383.0
5713,2022-07-18,388.38,380.66,389.09,381.95,63203626.0
5714,2022-07-19,386.08,385.39,392.87,392.27,78505972.0
5715,2022-07-20,392.47,391.03,396.26,394.77,71843769.0
5716,2022-07-21,394.16,391.63,398.84,398.79,64903856.0
5717,2022-07-22,398.92,392.75,400.18,395.09,72197332.0
5718,2022-07-25,395.75,393.21,396.47,395.57,53631485.0
5719,2022-07-26,393.84,389.95,394.06,390.89,52946393.0
5720,2022-07-27,394.36,394.05,402.88,401.04,82342106.0
5721,2022-07-28,401.89,398.15,406.8,406.07,73966563.0
5722,2022-07-29,407.58,406.77,413.03,411.99,87003672.0
5723,2022-08-01,409.15,408.4,413.41,410.77,69997471.0
5724,2022-08-02,409.12,406.82,413.0,408.06,63435418.0
5725,2022-08-03,410.3,410.0,415.68,414.45,67820555.0
5726,2022-08-04,414.37,412.44,415.09,414.17,45656574.0
5727,2022-08-05,409.66,409.6,414.15,413.47,56814929.0
5728,2022-08-08,415.25,411.83,417.62,412.99,54025965.0
5729,2022-08-09,412.22,410.22,412.75,411.35,44931772.0
5730,2022-08-10,418.78,416.72,420.14,419.99,68665712.0
5731,2022-08-11,422.99,419.21,424.95,419.99,59489704.0
5732,2022-08-12,422.03,421.03,427.21,427.1,61694542.0
5733,2022-08-15,424.765,424.71,429.41,428.86,54048280.0
5734,2022-08-16,427.73,426.88,431.73,429.7,59289039.0
5735,2022-08-17,425.91,424.54,429.5,426.65,63563394.0
5736,2022-08-18,426.86,425.5,428.61,427.89,49023206.0
5737,2022-08-19,424.98,421.22,425.26,422.14,68016902.0
5738,2022-08-22,417.05,412.4,417.23,413.35,77695640.0
5739,2022-08-23,412.9,411.77,415.42,412.35,49105249.0
5740,2022-08-24,412.11,411.39,415.1101,413.67,49177804.0
5741,2022-08-25,415.24,414.09,419.56,419.51,50942252.0
5742,2022-08-26,419.39,405.25,419.96,405.31,103086976.0
5743,2022-08-29,402.2,401.1999,405.84,402.63,64289165.0
5744,2022-08-30,403.85,396.0,404.1,398.21,85652443.0
5745,2022-08-31,399.93,395.04,401.24,395.18,76029671.0
5746,2022-09-01,392.89,390.04,396.78,396.42,78740084.0
5747,2022-09-02,400.28,390.33,401.555,392.24,99632149.0
5748,2022-09-06,393.13,388.42,394.12,390.76,74798116.0
5749,2022-09-07,390.43,390.2,398.59,397.78,70964232.0
5750,2022-09-08,395.39,394.12,400.86,400.38,80821681.0
5751,2022-09-09,402.74,402.46,407.51,406.6,76706918.0
5752,2022-09-12,408.78,408.46,411.73,410.97,69256262.0
5753,2022-09-13,401.83,391.92,403.1,393.1,122947081.0
5754,2022-09-14,394.47,391.12,396.2,394.6,85023747.0
5755,2022-09-15,392.96,388.78,395.96,390.12,87633840.0
5756,2022-09-16,384.14,382.11,386.25,385.56,103084819.0
5757,2022-09-19,382.26,382.1784,388.55,388.55,73278490.0
5758,2022-09-20,385.06,381.195,386.12,384.09,77274882.0
5759,2022-09-21,386.11,377.38,389.31,377.39,106746554.0
5760,2022-09-22,376.58,373.44,377.66,374.22,87465927.0
5761,2022-09-23,370.58,363.29,370.62,367.95,122346933.0
5762,2022-09-26,366.41,363.0299,370.21,364.31,92581244.0
5763,2022-09-27,368.02,360.87,370.4,363.38,108294074.0
5764,2022-09-28,364.38,362.6,372.3,370.53,110802217.0
5765,2022-09-29,366.81,359.7,367.11,362.79,112952315.0
5766,2022-09-30,361.8,357.04,365.91,357.18,153711243.0
5767,2022-10-03,361.08,359.21,368.55,366.61,89756479.0
5768,2022-10-04,372.4,366.5677,378.0,377.97,103602775.0
5769,2022-10-05,373.39,370.95,379.46,377.09,88065669.0
5770,2022-10-06,375.62,372.68,378.72,373.2,82333543.0
5771,2022-10-07,368.97,360.94,373.2933,362.79,107789498.0
5772,2022-10-10,363.96,357.67,364.21,360.02,76042765.0
5773,2022-10-11,358.235,355.71,363.03,357.74,92482785.0
5774,2022-10-12,358.17,356.3,359.8179,356.56,76991799.0
